url,label,domain_age_days,registration_period_days,domain_length,num_hyphens,num_digits,entropy_domain,brand_keyword,typosquatting_score,ssl_certificate_age_days,tld
https://gabung-grubdewasa2022.duckdns.org,1,4606,5843.0,7,1,4,2.5216406363433186,0,0.25,,org
https://gdrivevcmur.pages.dev/?e=dmFydW4ucGFuZHlhQGFhcnRpLWluZHVzdHJpZXMuY29t,1,0,,5,0,0,2.321928094887362,0,0.3333333333333333,,dev
http://m.10jqka.com.cn/20251118/c672543221.shtml,0,8123,8400.0,6,0,2,2.584962500721156,0,0.125,104.0,com.cn
https://adme.media/profile/45165085,0,0,,4,0,0,2.0,0,0.6,234.0,media
https://www.tap3925uwp.cc/,1,152,364.0,10,0,4,3.121928094887362,0,0.1999999999999999,,cc
https://fr-pickup-choix.com/as.php,1,73,364.0,15,2,0,3.3735572622751846,0,0.2666666666666667,4.0,com
https://vegamovies.software/web-series/amazon-prime-video/,0,0,,10,3,0,2.9219280948873623,0,0.3,45.0,software
https://icloud.apple-thel.spsgr.cn/accountin/,1,0,,5,1,0,1.9219280948873625,1,0.3333333333333333,,cn
https://vapeaf-b41731.ingress-baronn.ewp.live/wp-includes/update/57415821762206376,1,0,,3,3,5,1.584962500721156,0,0.25,114.0,live
https://www.ringcentral.com/bg/bg/careers.html?bmid=RCUS_INTDOMAINS,0,9696,9861.0,11,0,0,3.0957952550009344,0,0.3636363636363636,241.0,com
https://www.mondelezinternational.com:443/about-us/who-we-are/innovation/,0,5035,5113.0,21,3,0,3.3087513512471665,0,0.2857142857142857,28.0,com
https://www.kinopolis.de/bh,0,0,,9,0,0,2.725480556997868,0,0.3333333333333333,37.0,de
https://q-r.to/bfMxFm,1,5043,7304.0,3,1,0,1.584962500721156,0,0.1428571428571429,86.0,to
https://dvwdx.blogspot.li/,1,0,,8,0,0,2.75,0,0.25,35.0,li
https://www.voipbuster.com/buy_credits,0,7564,7669.0,10,0,0,3.321928094887362,0,0.5,18.0,com
https://atulc3522-source.github.io/Amazon-Clone-website,1,4641,5112.0,6,3,4,2.584962500721156,0,0.2857142857142857,42.0,io
https://www.ministrybrands.com/contact,0,4603,4747.0,14,0,0,3.235926350629033,0,0.4285714285714286,62.0,com
https://www.officielebekendmakingen.nl/prb-2025-19155.html,0,6366,,23,2,0,3.4314134569803287,0,0.2608695652173913,299.0,nl
https://barcanews.org/league/laliga/,0,5212,5478.0,9,0,0,2.94770277922009,0,0.3333333333333333,38.0,org
https://alnoafgea.com/extra/?code=bm9ib2r5qg15y3jhznrtywlslmnvbq==,1,0,,9,0,0,2.6416041678685933,0,0.3333333333333333,,com
https://www.cimb.com.my/en/personal/terms-of-access.html,0,10167,10226.0,4,2,0,2.0,0,0.375,311.0,com.my
https://ufgami777.com/,0,144,364.0,9,0,3,2.6416041678685938,0,0.2222222222222222,,com
https://testimiz.com/category/1-sinif/,0,6165,6573.0,8,1,0,2.5,0,0.375,54.0,com
https://theideasblog.com/forum/131/need-recommendations-for-a-backlinks-builder-for-my-aquarium-supplies-website,0,2162,2556.0,12,10,0,3.418295834054489,0,0.25,3.0,com
https://www.fccn.pt/en/a-fccn/para-quem/,0,0,,4,2,0,1.5,0,0.25,29.0,pt
http://159.65.33.125/online/desjardins/fc79974a8fef97b8e7448068c5f8f462/authentificate.php,1,0,,13,0,10,2.661226256269789,0,0.0,,unknown
http://telegram.outsmarttookurmoney.com,1,305,364.0,19,0,0,3.2608281712244547,0,0.2105263157894736,,com
https://gumroad.com/terms,0,5957,6208.0,7,0,0,2.807354922057604,0,0.2222222222222222,3.0,com
http://hueaudio.com/,1,264,364.0,8,0,0,2.75,0,0.25,131.0,com
https://sign-in-xfinity-102779.weeblysite.com/,1,4721,4747.0,10,3,6,2.846439344671015,0,0.3,39.0,com
https://www.chatpia.jp/search/,0,8300,8428.0,7,0,0,2.5216406363433186,0,0.375,318.0,jp
https://mc.5sur5host2.ca/links/kkfuklkafahnfavhbgmbgsiaegjhfmfavxbwnxfcjmucwafmhsgankmkddf/799010,1,0,,10,0,3,2.9219280948873623,0,0.3,,ca
http://139.59.55.98/banks/cibc/online/index2.html,1,0,,12,0,9,2.396240625180289,0,0.0,229.0,unknown
https://bafybeibvd45o3zcj7cwhqzszpwbtfyic4p7spfed2kxuizsh4qtdmt2gom.ipfs.infura-ipfs.io/,1,2123,2191.0,11,1,9,3.0957952550009344,0,0.2727272727272727,37.0,io
https://www.zoom.com.br/busca/iphone+16,0,10151,10591.0,4,0,0,1.5,0,0.3333333333333333,305.0,com.br
https://nikkan-spa.jp/k-inquiry,0,5322,5480.0,10,2,0,2.721928094887362,0,0.3,209.0,jp
https://harikriish.github.io/InstaHomeClone,1,4641,5112.0,6,0,0,2.584962500721156,0,0.2857142857142857,42.0,io
https://www.postbank.de/geschaeftskunden/produkte/zahlungsverkehr-uebersicht/zahlungsverkehr.html,0,0,,8,1,0,3.0,0,0.375,82.0,de
https://www.boxingscene.com/interviews,0,8116,9131.0,11,0,0,3.095795255000934,0,0.4545454545454546,15.0,com
https://clsn.io/post/2024-07-11-%E5%80%9F%E5%8A%A9cloudflare%E8%8E%B7%E5%8F%96%E5%85%AC%E7%BD%91ip.html,0,2622,2921.0,4,3,0,2.0,0,0.375,28.0,io
https://docs.google.com/presentation/d/e/2PACX-1vSTYk3HWtuqHoS4UztDnV2ydpEMQswsUkHBgP90CWZJa6I7hnjyrxDSoZgiBGwGHv-6NAwSbEmbJeh-/pub,1,10302,11321.0,6,3,0,1.918295834054489,1,0.0,35.0,com
https://www.crazyegg.com:443/case-studies,0,8374,11322.0,8,1,0,2.75,0,0.25,23.0,com
https://theakshatsengar.me/Amazon-Clone--CSS-Based-,1,0,,15,5,0,3.0565647621309537,0,0.2666666666666667,,me
https://www.whatdotheyknow.com/announcements/159,0,6479,6574.0,14,0,0,3.235926350629033,0,0.2857142857142857,27.0,com
https://pub-87487eecfa8b4adfa94445ca010325e3.r2.dev/index.html,1,0,,2,1,20,1.0,0,0.1428571428571429,7.0,dev
https://bell2.godaddysites.com/,1,4386,6939.0,12,0,1,3.0220552088742005,0,0.25,81.0,com
https://operationsauct.top/,1,0,,14,0,0,3.3787834934861767,0,0.2857142857142857,,top
http://metabusiness-helppartner.web.app,1,0,,3,1,0,1.584962500721156,0,0.2857142857142857,56.0,app
https://www.sgcarmart.com/used-cars,0,7875,8034.0,9,1,0,2.725480556997868,0,0.5555555555555556,10.0,com
https://www.semana.es/bienestar/vicky-martin-berrocal-52-anos-he-hecho-primera-sesion-pilates-maquina-reduce-estres-calma-mente_2806577,0,0,,6,14,0,2.251629167387823,0,0.3333333333333333,62.0,es
https://qrco.de/bfQBD3,1,0,,4,0,0,2.0,0,0.2857142857142857,86.0,de
http://174.138.43.181/carriertransfert/online/cibc/79f6a81ef432d15f61fa52714540103d/ebm-mobile-app/index.html,1,0,,14,2,11,2.4677201004745,0,0.0,1449.0,unknown
https://zlruqvpbmifqx.com,1,0,,13,0,0,3.5465935642949384,0,0.3076923076923077,,com
https://grpc.io/blog/principles/,0,3993,4017.0,4,0,0,2.0,0,0.2857142857142857,35.0,io
https://qrco.de/bfZ7Bn,1,0,,4,0,0,2.0,0,0.2857142857142857,86.0,de
https://walletconnect-check275640.cfd,1,56,365.0,25,1,6,3.893660689688185,0,0.16,,cfd
https://www.americanbanker.com/subscribe-gift,0,10979,11321.0,14,1,0,3.039148671903071,0,0.3571428571428571,152.0,com
https://repocket.com/internet-sharing-policy,0,5691,5843.0,8,2,0,2.75,0,0.25,8.0,com
https://acg.rip/4,0,0,,3,0,0,1.584962500721156,0,0.2857142857142857,8.0,rip
http://20.116.38.119/finance/bmo-mobile,1,0,,13,1,10,2.7192945256669794,0,0.0,,unknown
https://www.vinilartepisos.com.br.imperiocasasdemadeira.com.br/po/novascot/ff350,1,0,,21,0,0,3.177566232096525,0,0.1904761904761904,,com.br
https://novu.co/customers/ebury-story,0,2402,2922.0,4,1,0,2.0,0,0.2857142857142857,8.0,co
https://docs.google.com/presentation/d/e/2PACX-1vS7xUVNYuhVlAs0TB45QSw-XeEo4Zt8TVr2vzlbpFpfWs_n3ZJL3BOtaepPuuD5g1NvhPfPz0z03Fm4/pub?start=false&amp;loop=false&amp;delayms=3000,1,10302,11321.0,6,2,0,1.918295834054489,1,0.0,35.0,com
http://appeal-848192321.cloud/login.php,1,0,,16,1,9,3.375,0,0.25,,cloud
https://www.fox13now.com/live,0,6227,6494.0,8,0,2,2.75,0,0.25,28.0,com
https://upseller.com/,0,8165,9131.0,8,0,0,2.5,0,0.375,340.0,com
https://flyme.cn/flyme_atlas.html,0,6943,7304.0,5,0,0,2.321928094887362,0,0.1999999999999999,315.0,cn
http://mabbidevigo.ru,1,0,,11,0,0,3.095795255000934,0,0.1818181818181817,,ru
https://trezorwal-lett.webflow.io,1,4581,5478.0,7,1,0,2.5216406363433186,0,0.4285714285714286,51.0,io
https://gandommusic.ir/music/tag/%D8%A7%D9%87%D9%86%DA%AF-%D9%85%D8%AD%D8%B3%D9%86-%DB%8C%DA%AF%D8%A7%D9%86%D9%87/,0,0,,11,2,0,3.277613436819116,0,0.3636363636363636,37.0,ir
https://xn--fjq893a08is6ojh4a.com/,1,627,729.0,21,2,7,4.011365041826378,0,0.1428571428571429,5.0,com
http://mail.deliverylifesupport.com/public/nzimm5v4stz4jucuy4rtmm0jnzzriw2z,1,0,,19,0,0,3.576617644908665,0,0.2631578947368421,,com
https://www.hoy.es/fiestas-tradiciones/,0,0,,3,1,0,1.584962500721156,0,0.2857142857142857,19.0,es
https://www.penzeys.com/shop/fun-stuff/?categoryId=121,0,10539,12051.0,7,1,0,2.5216406363433186,0,0.2857142857142857,217.0,com
https://illinois.edu/student-resources/,0,10540,11155.0,8,1,0,2.1556390622295662,0,0.25,312.0,edu
https://www.thetakeout.com:443/category/exclusives/,0,6081,6208.0,10,0,0,2.646439344671016,0,0.3,66.0,com
https://www.phosagro.ru/about/industry/,0,8831,9130.0,8,0,0,2.75,0,0.3333333333333333,26.0,ru
https://kopilotrehberlik.com/kisisel-veriler-metni,0,1513,1825.0,16,2,0,3.25,0,0.25,57.0,com
http://junoservice679887.weebly.com,1,7178,7304.0,6,0,6,2.2516291673878226,0,0.5,37.0,com
https://www.hasselblad.com/phocus/phocus-for-pc-mac/,0,10676,12416.0,10,3,0,2.721928094887362,0,0.3,21.0,com
https://www.roblox.com.ms/users/8810240229/profile,1,196,364.0,6,0,0,2.2516291673878226,0,0.5714285714285714,,com.ms
https://aliant.bell.ca/Mobility,0,9172,9924.0,4,0,0,1.5,0,0.2857142857142857,110.0,ca
https://novelfire.net/search-adv,0,965,1095.0,9,1,0,2.94770277922009,0,0.3333333333333333,6.0,net
https://isitprivatelfr.firebaseapp.com/,1,4785,5112.0,11,0,0,2.913977073182752,0,0.3636363636363636,56.0,com
http://mail.hoho.renm4maxys.com/index.php,1,65,364.0,10,0,1,3.121928094887362,0,0.3,73.0,com
https://fly.yt/FQ5uB,1,0,,3,0,0,1.584962500721156,0,0.2857142857142857,60.0,yt
https://www.muitohentai.com/generos-dos-hentais/,0,2254,2556.0,11,2,0,3.095795255000934,0,0.2727272727272727,18.0,com
https://www.0catch.com/info_subdomain/upgrade.html,0,9118,9495.0,6,0,1,2.2516291673878226,0,0.2857142857142857,3.0,com
https://ww4-miles-more-authentification.whatsbetter.me/auth/log.php?token=1f5aa547094a852048bdeda17c5c8a2f,1,3315,3651.0,11,3,1,2.8453509366224368,0,0.4545454545454546,238.0,me
https://teaezorapp.webflow.io/,1,4581,5478.0,7,0,0,2.5216406363433186,0,0.4285714285714286,51.0,io
https://moodle.com/products/moodlecloud/,0,9770,9861.0,6,0,0,2.2516291673878226,0,0.6666666666666667,57.0,com
https://546d2eb8.hiweo93il.shop,1,0,,9,0,7,2.94770277922009,0,0.2222222222222222,,shop
https://www.24horas.cl/actualidad/economia,0,8758,9520.0,7,0,2,2.807354922057604,0,0.25,8.0,cl
https://www.hirstart.hu/sport.php,0,8583,,8,0,0,2.5,0,0.4444444444444444,348.0,hu
https://about.blibli.com/en/business,0,6567,8035.0,6,0,0,1.584962500721156,0,0.2857142857142857,161.0,com
https://www.knmi.nl/nederland-nu/luchtvaart,0,12325,,4,1,0,2.0,0,0.25,242.0,nl
https://links.truthsocial.com/link/114948388091517281,1,5117,7670.0,11,0,0,3.2776134368191165,0,0.2727272727272727,,com
https://kat.cc/yts-proxy/,0,7247,7304.0,3,1,0,1.584962500721156,0,0.2857142857142857,47.0,cc
https://savnetfiixmxico.com/,1,110,364.0,15,0,0,3.456564762130954,0,0.4,,com
https://www.oneplus.in/store/power-cables,0,4653,4747.0,7,1,0,2.807354922057604,0,0.2857142857142857,21.0,in
https://www.pageuppeople.com/products/application-tracking-system/,0,9271,9495.0,12,2,0,2.5220552088742005,0,0.4166666666666666,133.0,com
https://permutive.com/vertical-publishers,0,4281,4382.0,9,1,0,2.94770277922009,0,0.3333333333333333,51.0,com
https://home.cern/user/login?destination=about/who-we-are/our-governance,0,3759,4017.0,4,3,0,2.0,0,0.4,7.0,cern
https://www.vademecumonline.com.tr/site/about,0,6345,7303.0,15,0,0,3.3232314287976203,0,0.2666666666666667,274.0,com.tr
https://yasyadong.app/shop/index.php?_Action=index&_Method=index&curpage=2,0,0,,9,0,0,2.725480556997868,0,0.4444444444444444,4.0,app
https://www.ppl-mysupport.com/how/calcul.php,1,392,729.0,13,1,0,3.085055102756477,0,0.3076923076923077,,com
https://www.edns.de/index.html,0,0,,4,0,0,2.0,0,0.25,70.0,de
http://alertagrcolombio.webcindario.com,1,9033,10591.0,11,0,0,3.277613436819116,0,0.3636363636363636,,com
https://www.zappit.gr/videos/,0,0,,6,0,0,2.2516291673878226,0,0.5,94.0,gr
https://idcap.org.br/index/abertos,0,2987,3651.0,5,0,0,2.321928094887362,0,0.25,45.0,org.br
https://www1.sugarsync.com/es/cookie/,0,6657,8035.0,9,0,1,2.94770277922009,0,0.2222222222222222,37.0,com
http://secureserv4cb.ddns.net,1,8913,9495.0,4,0,1,1.5,0,0.25,,net
https://www.deepl.com/en/teams/localization,0,5692,5843.0,5,0,0,1.9219280948873625,0,0.3333333333333333,4.0,com
https://docs.google.com/presentation/d/e/2PACX-1vQNoYO6B-FG8kcKH7GVdjSBH76wYsCNxE1ZHg23ahTweaGxvSQTnsrfMuGpsoz10D4evX4OTRxJIJWX/pub,1,10302,11321.0,6,2,0,1.918295834054489,1,0.0,35.0,com
https://intra-frostbank-web-staging.azurewebsites.net/FrostBank/login?returnurl=%2f,1,5050,5113.0,13,3,0,3.180832987205441,0,0.2307692307692307,16.0,net
https://www.microsoft.com/tr-tr/education/products/teams,0,12623,12784.0,9,1,0,2.94770277922009,1,0.0,235.0,com
https://connectboui007.github.io/newSign.github.io/lank.html,1,4641,5112.0,6,0,3,2.584962500721156,0,0.2857142857142857,42.0,io
https://www.myconnectnyc.org/newuser/,0,2363,2556.0,12,0,0,2.625814583693911,0,0.25,345.0,org
https://www.galwaybeo.ie/news/history/,0,2383,2555.0,9,0,0,2.94770277922009,0,0.3333333333333333,87.0,ie
https://docs.google.com/presentation/d/e/2PACX-1vT6L8UNHLX3w0zjMvuT-ZtIk0kS1RFWYSViUEHsZAuvGKv0bUSS9xNFfik__MjtCPNvV_i68NYta8s6/pub?start=false&amp;loop=false&amp;delayms=3000,1,10302,11321.0,6,2,0,1.918295834054489,1,0.0,35.0,com
https://www.hedefhalk.com/samsunspor/,0,5079,6939.0,9,0,0,2.725480556997868,0,0.2222222222222222,49.0,com
http://ontariocovidsupport.ca/Finance/desj/index.php,1,0,,19,0,0,3.4058222502856896,0,0.2631578947368421,,ca
http://www.maldivesolutions.com/todo2/51.81.71.2311955/verificando/info/index.html,1,2466,2556.0,16,0,0,3.5,0,0.3125,3.0,com
https://fatihaltayli.com.tr/yazilar/fatih-altayli/kose-yazilari,0,6772,7303.0,12,2,0,2.688721875540867,0,0.25,24.0,com.tr
https://extendmyoptions.com/captcha,1,98,364.0,15,0,0,3.373557262275185,0,0.2666666666666667,67.0,com
https://mcbx045.weebly.com,1,7178,7304.0,6,0,3,2.2516291673878226,0,0.5,37.0,com
https://auth0.com/api/auth/login?redirectTo=dashboard,0,4782,5477.0,5,0,1,2.321928094887362,0,0.2857142857142857,23.0,com
https://www.threatdown.com/es/productos/endpoint-protection/,0,1138,1460.0,10,1,0,3.121928094887362,0,0.3,23.0,com
https://www.edfringe.com/take-part/artists/organise-a-show/,0,10538,10590.0,8,3,0,2.75,0,0.25,25.0,com
https://docs.google.com/presentation/d/e/2PACX-1vS2nO6NEed-sYUJsuCqaLvSQIA5KU4p_sYwjIjSZezD5cLq5Qcjqgim06Ais0G1FptNukS4Q04l3a5_/pub?start=false&loop=false&delayms=3000&slide=id.p,1,10302,11321.0,6,2,0,1.918295834054489,1,0.0,35.0,com
https://cyrptowire.com/login,1,277,364.0,10,0,0,3.121928094887362,0,0.3,,com
http://www.sap0520uag.vip,1,0,,10,0,4,2.9219280948873623,0,0.1999999999999999,,vip
http://www.afdvr.com/,0,6628,6939.0,5,0,0,2.321928094887362,0,0.2857142857142857,,com
http://www.3656f.vip/,1,0,,5,0,4,1.9219280948873625,0,0.1428571428571429,44.0,vip
https://www.mariecurie.org.uk/get-involved/charity-events,0,10503,10956.0,10,2,0,2.721928094887362,0,0.1999999999999999,151.0,org.uk
http://212.104.43.201/errors/53/ndex.php/''''''''http:/212.104.43.201/errors/53/fifth%20third%20banking%20login%20_%20fifth%20third%20bank_files/fifth%20third%20banking%20login%20_%20fifth%20third%20bank_files/fifth%20third%20banking%20login%20_%20fifth%20third%20bank_files/js(7)/fifth%20third%20banking%20login%20_%20fifth%20third%20bank_files/s51743366982328,1,0,,14,0,11,2.5027361715940035,0,0.0,,unknown
https://cutt.ly/5rk1Pf0D,1,2869,4382.0,4,0,0,1.5,0,0.2857142857142857,173.0,ly
https://imayush798.github.io,1,4641,5112.0,6,0,3,2.584962500721156,0,0.2857142857142857,42.0,io
https://zremp.cn/OYvPuYOk/,1,0,,5,0,0,2.321928094887362,0,0.1999999999999999,,cn
https://qrco.de/bfIXzp,1,0,,4,0,0,2.0,0,0.2857142857142857,86.0,de
https://rbfcu-star.azurewebsites.net/(S(3nhbbhlawgzxerq4zzw3znin))/Main/Login,1,5050,5113.0,13,1,0,3.180832987205441,0,0.2307692307692307,,net
https://dzentlmenis.lv/bizbizmarite-nav-nemaz-tik-nevainiga-ko-ta-atstaj-uz-jusu-adas-ja-to-biezi-nem-rokas/222116/,0,0,,11,15,0,3.095795255000934,0,0.2727272727272727,27.0,lv
https://www.kyoto-u.ac.jp/ja/about,0,0,,7,1,0,2.5216406363433186,0,0.2857142857142857,283.0,ac.jp
https://livelidgeerwallet.webflow.io/,1,4581,5478.0,7,0,0,2.5216406363433186,0,0.4285714285714286,51.0,io
http://rwdwyztpxi.duckdns.org,1,4606,5843.0,7,0,0,2.5216406363433186,0,0.25,,org
http://pub-72ff0da947884933b7d660b493e76417.r2.dev/index.html,1,0,,2,1,25,1.0,0,0.1428571428571429,7.0,dev
https://www.akta.tech/products/video-encoding/,0,1954,2921.0,4,1,0,1.5,0,0.3333333333333333,32.0,tech
https://www.domaintools.com/integrations/get-started/,0,9974,10590.0,11,1,0,3.027169118440619,0,0.2727272727272727,11.0,com
https://www.lusha.com/lusha-extension/,0,9632,9861.0,5,1,0,2.321928094887362,0,0.25,54.0,com
https://www.companyweb.be/nl/product/prospecteren,0,7935,,10,0,0,3.321928094887362,0,0.3,4.0,be
https://neterra.net/low-earth-orbit-leo-satellite-internet,0,8955,9130.0,7,5,0,2.235926350629033,0,0.4444444444444444,273.0,net
https://oftenmoreresilient.g2kqy.com,1,0,,5,0,1,2.321928094887362,0,0.1999999999999999,,com
https://camboriucoffeebreaks.com.br/.richesmoods/blessjohnson/ew9uyxrhbkbuyw5vlwdob3n0lmnvbq==,1,2755,2921.0,20,0,0,3.484183719779189,0,0.25,33.0,com.br
http://flacland.ir/wp-includes/images/hl/2020dhl_topscript/dhl_topscript/source/index.php,1,0,,8,1,0,2.5,0,0.25,,ir
https://www.townandcountrymag.com/society/,0,9647,9861.0,17,0,0,3.4548223999466066,0,0.2352941176470588,95.0,com
https://comments.ua/ua/press-rls,0,6975,7304.0,8,1,0,2.75,0,0.25,46.0,ua
https://www.edupedu.ro/category/educatie/invatamant-primar/,0,2759,5250.0,7,1,0,1.950212064914747,0,0.2857142857142857,8.0,ro
https://msha.ke/gyrhvddjg,1,2452,2556.0,4,0,0,2.0,0,0.2222222222222222,5.0,ke
https://frame.io/features/c2c,0,4627,4747.0,5,0,0,2.321928094887362,0,0.2857142857142857,8.0,io
https://www.hmc.edu/admission/connect/,0,11862,12112.0,3,0,0,1.584962500721156,0,0.1666666666666666,7.0,edu
https://online-asset-manager.firebaseapp.com/,1,4785,5112.0,11,2,0,2.913977073182752,0,0.3636363636363636,56.0,com
https://www.poptin.com/forms/,0,5241,5478.0,6,0,0,2.2516291673878226,0,0.4285714285714286,13.0,com
https://www.attemplate.com/nam/c9f7317c-0f4e-484e-be99-78ba5fae49b5/8a957f67-96a8-49aa-aea9-85d15286bbd9/f345f402-4d24-45cc-87b5-23ebb4c0dbbc/login?id=swfor3zgthfqdwluwdznamsrr3pddvd0utdtnk9qnjvhqzztzjvgtkfaddz1chmvcfdzk3lxmecvakxqau5amhzozfp4clzmwllishvymwjnogzptlprdnfkvmnjogvhsgmxzzrdvg45rffxuuz6alflsxfeeeh2vlfqstyxs3pqzec2aw1jk1dam3k1bdh3v2veng13qnrrchplty9omtltn2hus1cychvtwtjttmljofmxcljdqje0ckrzy0rlmzlnmllamzbiowq5mwjztmfhrk1rdit2dfvhahm4cg1ouwxpnwpywmjpr2krn3hxti9swmiycgvizvcrc084mjr6c0uzde94evlvs1pznly2unrizdzavhf4efyrouqwselnylhzs0cwcldkmmxeunhinjbbvgzkq3l2bzlfrgowy0gvze5reg5zy1o5blvruwk1n0jiegiwbzvlswh5dmzxskv5n0t0dunrpq,1,1976,2190.0,10,12,0,2.4464393446710155,0,0.4,18.0,com
http://www.sysu.edu.cn/News/On_Campus.htm,0,0,,4,0,0,1.5,0,0.1999999999999999,363.0,edu.cn
https://kosmetista.ru/blog/redaksiya/,0,6062,6208.0,10,0,0,2.9219280948873623,0,0.3,57.0,ru
https://reddybook.io/,0,939,1095.0,9,0,0,2.725480556997868,0,0.4444444444444444,39.0,io
https://wh1469282.ispot.cc/sun/HINet.htML,1,4047,4382.0,5,0,7,2.321928094887362,0,0.4285714285714286,21.0,cc
https://redistribution-locker-support.com/,1,42,364.0,29,2,0,3.745406425938248,0,0.2068965517241379,,com
https://kratika-rai.github.io/amazon_clone,1,4641,5112.0,6,1,0,2.584962500721156,0,0.2857142857142857,42.0,io
https://www.d-id.com/api/,0,4138,4382.0,4,1,0,1.5,0,0.25,77.0,com
http://pay.mojdpd.si/Payment/DPD2001/16952013007884,1,4315,4382.0,6,0,0,2.251629167387823,0,0.2222222222222222,,si
https://v3rifytokenserver2766376.top/indexs.html,1,0,,24,0,8,3.740601562950723,0,0.1666666666666666,,top
https://verumpoler.weebly.com/,1,7178,7304.0,6,0,0,2.2516291673878226,0,0.5,37.0,com
https://coibseeprouloggi.godaddysites.com/,1,4386,6939.0,12,0,0,3.0220552088742005,0,0.25,81.0,com
https://themewagon.com/theme-price/pro,0,4964,5112.0,10,1,0,3.121928094887362,0,0.4,50.0,com
http://trezor-help-io-bridgee.pages.dev/,1,0,,5,3,0,2.321928094887362,0,0.3333333333333333,44.0,dev
https://www.flowcode.com/page/kkl,1,5637,5843.0,8,0,0,2.75,0,0.25,6.0,com
https://hyperstaking-defisaver.com,1,176,364.0,22,1,0,3.879664004902593,0,0.2272727272727273,,com
https://www.cici.com/,0,10159,11686.0,4,0,0,1.0,0,0.2857142857142857,329.0,com
https://www.tovima.gr/grace/category/politismos/,0,0,,6,0,0,2.584962500721156,0,0.2857142857142857,42.0,gr
https://afuncan.com/category/adventure-1/,0,960,1095.0,7,1,0,2.235926350629033,0,0.2857142857142857,15.0,com
https://www.037-hddmovie.com/category/%e0%b8%ab%e0%b8%99%e0%b8%b1%e0%b8%87%e0%b9%83%e0%b8%ab%e0%b8%a1%e0%b9%88-2025/,0,56,364.0,12,2,3,3.418295834054489,0,0.25,57.0,com
https://bujo.li/b3bycmah,1,0,,4,0,0,2.0,0,0.1666666666666666,,li
https://minval.az/,0,0,,6,0,0,2.584962500721156,0,0.375,38.0,az
http://twojeinformacje16.pl,1,0,,17,0,2,3.734521664779752,0,0.2941176470588235,,pl
https://www.diyadinnet.com/gizlilik-politikasi.php,0,7798,9130.0,10,1,0,2.721928094887362,0,0.4,15.0,com
https://beingeinbanvenez.top/,1,0,,16,0,0,2.75,0,0.375,,top
https://arriah.ru/main/structure/,0,8215,8400.0,6,0,0,1.918295834054489,0,0.2222222222222222,13.0,ru
https://barkodlar.org/neden-barkod-sistemine-gecilmeli/,0,5076,5113.0,9,3,0,2.725480556997868,0,0.2222222222222222,8.0,org
https://connect-captcha.pages.dev/?iduser=TkRnek9BPT0=&h9=y3AU0,1,0,,5,1,0,2.321928094887362,0,0.3333333333333333,10.0,dev
https://ieporticorionegro.edu.co/pgs.php,1,3498,3650.0,17,0,0,2.939829017466402,0,0.2352941176470588,30.0,edu.co
https://script.google.com/macros/s/AKfycbwzh6RYoTVooy2rmXuVSBCfrTc-bbZ9OGAwF4Mzm9Qln2jXiKkiDmln-x5u_q8syhq0uQ/exec,1,10302,11321.0,6,2,0,1.918295834054489,1,0.0,35.0,com
https://www.royalacademy.org.uk/page/access-at-the-ra,0,10418,10591.0,12,3,0,3.0220552088742,0,0.25,1.0,org.uk
http://allegro.pi-oferta-91005628316274.rest/,1,156,364.0,24,2,14,4.16829583405449,0,0.125,,rest
http://brooke-holden.com/clave/184.188.72.57835/verificando/info/index.html,1,2595,2921.0,13,1,0,3.180832987205441,0,0.3076923076923077,52.0,com
http://0efbd9f.wcomhost.com/de/banking-postbank/login/privatkunden/de/2cd3064ae3eac66c9fa7,1,5049,7670.0,8,1,2,2.75,0,0.375,,com
https://novobaco-pt.multiscreensite.com/nv,1,4399,4747.0,15,1,0,3.189898095464287,0,0.3333333333333333,,com
https://magelangkab.go.id/banner,0,0,,11,0,0,2.845350936622437,0,0.2727272727272727,18.0,go.id
https://www.flvs.net/how-it-works/school-options,0,8950,12052.0,4,3,0,2.0,0,0.2857142857142857,62.0,net
https://thesportsedit.com/collections/black-friday-womens,0,4048,4747.0,13,2,0,3.026986833359288,0,0.3076923076923077,19.0,com
https://docs.google.com/presentation/d/1JCkDlCtd21FW976J3mBCqrZlcllzoPAah8l-5Anm8fk/pub?start=true&amp;loop=true&amp;delayms=3000&amp;slide=id.p,1,10302,11321.0,6,1,0,1.918295834054489,1,0.0,35.0,com
https://www.greatschools.org/california/los-angeles/1995-Cheremoya-Avenue-Elementary-School/#Reviews,0,9429,9496.0,12,5,0,3.2516291673878226,0,0.25,130.0,org
https://themoufservices.start.page/,1,0,,5,0,0,1.9219280948873625,0,0.4444444444444444,58.0,page
https://2ww.me/xbyW8,1,2300,2556.0,3,0,1,0.9182958340544896,0,0.1428571428571429,50.0,me
https://www.blinker.de/angelmethoden/,0,0,,7,0,0,2.807354922057604,0,0.5,52.0,de
http://barclaysglobal.uk/,1,2343,2556.0,14,0,0,2.9852281360342525,0,0.2857142857142857,,uk
https://svcbr.blogspot.md/,1,0,,8,0,0,2.75,0,0.25,35.0,md
http://sh-cp1-mx.yyz2.servername.online/~estev145/bana/tiket/49587576/nkl-log.php?JHNKLSMNKNXIWK&amp,1,2272,2557.0,10,3,2,2.646439344671016,0,0.4,39.0,online
https://rectiveaccuountdeskhelp.com/415,1,0,,23,0,0,3.795088586397733,0,0.217391304347826,,com
https://www.treehugger.com/home-and-design-news-4846086,0,8607,8765.0,10,4,0,2.4464393446710155,0,0.3,45.0,com
https://cuinbestalletextnsion.webflow.io/,1,4581,5478.0,7,0,0,2.5216406363433186,0,0.4285714285714286,51.0,io
http://scavenging-bath.000webhostapp.com/SunTrustOnline-Zelle/SUN.ZELL/Service/Verify/ID/6r2gfb6sfh6b14s6w546bh541tsw64b1hsw/1/details.html,1,3482,4747.0,13,2,3,3.180832987205441,0,0.3846153846153846,,com
https://www.amazon.co.jp:443/help,0,8402,,6,0,0,2.2516291673878226,1,0.0,238.0,co.jp
https://www.turkcedersi.net/5-sinif-turkce-indirilebilir-pdf-testler/,0,3249,6573.0,11,5,0,3.095795255000934,0,0.2727272727272727,20.0,net
https://ctext.org/help-us/submit-text,0,5553,8765.0,5,2,0,1.9219280948873625,0,0.4,48.0,org
https://app.meinvoice.vn/login/1,0,0,,9,0,0,2.725480556997868,0,0.4444444444444444,262.0,vn
https://www.noticiasdealava.eus/alaves/2025/11/19/presentimiento-alaves-lindo-temporada-hermes-desio-exalbiazul-entrevista-alaves-la-liga-celta-10370691.html,0,3621,3652.0,15,12,0,3.240223928941852,0,0.3333333333333333,13.0,eus
https://booking-verification-id9661.com/268224462,1,51,364.0,27,2,4,3.926571651178275,0,0.1851851851851852,,com
http://esautodealer.com/ddb3bdc/Wallet.html,1,0,,12,0,0,3.0220552088742,0,0.3333333333333333,,com
https://find-lcioud.pro/expire/,1,0,,11,1,0,3.0957952550009344,0,0.2727272727272727,,pro
https://5fgffggfgfg4g4g4gh.blogspot.sn,1,0,,8,0,4,2.75,0,0.25,35.0,sn
https://cumnec-d22a.femjmrusdiae.workers.dev/6d30eed6-b71f-4816-86c1-27f389d5b7a5,1,0,,7,5,2,2.5216406363433186,0,0.2857142857142857,32.0,dev
http://bancolombia-bane.webcindario.com/validatepasswordsciscjbtnfpnmvkqgesuxnzrlmbdbq2bslvh8jz8t1enjjrxd2uact4fc1fgwn1vgtrclno-back-button.html,1,9033,10591.0,11,3,0,3.277613436819116,0,0.3636363636363636,,com
https://www.jasso.go.jp/en/shogakukin/index.html,0,7947,,5,0,0,1.9219280948873625,0,0.25,145.0,go.jp
https://brandcloud.cn/cache/sppagebuilder/default/db3d7a9781b1d9d5b24fc4019e325725,1,3642,4017.0,10,0,0,3.121928094887362,0,0.3,45.0,cn
https://docs.google.com/forms/d/e/1FAIpQLScwzcUqKzRnfT4lwM_92-IHc1DpcE_FxoqLmb5Go1IrdgOUBg/viewform?usp=send_form,1,10302,11321.0,6,1,0,1.918295834054489,1,0.0,35.0,com
https://karateforge.rm2uonline.com,1,5129,5843.0,10,0,1,3.121928094887362,0,0.3,31.0,com
https://kirit1635.github.io/web-development,1,4641,5112.0,6,1,4,2.584962500721156,0,0.2857142857142857,42.0,io
https://vm.ru/news,0,10519,10617.0,2,0,0,1.0,0,0.1999999999999999,46.0,ru
https://upl.uz/adv.html,0,3389,3655.0,3,0,0,1.584962500721156,0,0.4,10.0,uz
https://paymobsolutions.com/en/checkout.html,0,4374,6208.0,15,0,0,3.4565647621309536,0,0.2666666666666667,455.0,com
https://654292686.cyou/,1,115,365.0,9,0,9,2.419381945646371,0,0.0,5.0,cyou
https://www.xbox.com/tr-tr/games?xr=shellnav,0,10566,10590.0,4,1,0,1.5,0,0.4285714285714286,18.0,com
https://funnelish.com/geo-funnels,0,3127,3286.0,9,1,0,2.94770277922009,0,0.3333333333333333,5.0,com
http://1atod.trk.elasticemail.com/tracking/click?d=4qjp5b-rfnhu-swmn7athjvn4fgyavqcf6usyketajz2lajycky8gzwkt73i9jmrvfy4jzbdhrpyar2grlsdoscdrxrjzctparzutxpnyivw--vge1bomsfxdsefn93wupxxuyvawgndyr0nvs7qbekjlftbqoprcvher14immcyc2xkrziz_a8wh71odukqbqpgkztr7-9pjtfkwy2ctqcdkd_ugmgxu2fxqegm6syqo4oa4uzxm765zxt4stui9sgitnseqw7af7ve4oqydusoscdwwtdnie2iuhjfh_tmv6ztk72gpbl7cphmd2qw0w2,1,5701,6574.0,12,5,1,2.9182958340544896,0,0.3333333333333333,10.0,com
http://commentsfacebook-06728365.titlisgc.com/profile.html?countuser=88728042b4e9483e865b355e55b617d8,1,945,1095.0,8,1,8,2.5,1,0.25,,com
https://domengood.ru/lk/,0,5007,5112.0,9,0,0,2.419381945646371,0,0.3333333333333333,382.0,ru
https://metamusklogse.webflow.io,1,4581,5478.0,7,0,0,2.5216406363433186,0,0.4285714285714286,51.0,io
http://steelhausinc.jrremodelingandpainting.com/i/Vzf2m7b95Qx7XeWepA2KV2CEmQsOePUoNpRZP8diqWhSRyc6FXvpDjuKA37lKJx8/,1,0,,23,0,0,3.5342190211803413,0,0.2608695652173913,,com
https://getipass.com-tickeuh.xin/,1,0,,11,1,0,3.2776134368191165,0,0.2727272727272727,,xin
https://postimages.org/plugins/smf,0,5443,5478.0,10,0,0,3.121928094887362,0,0.3,25.0,org
https://cloudmine.us-ord-1.linodeobjects.com/pipeline/AWS/source/object/33-3T-223T.html,1,2690,4017.0,13,4,1,3.3927474104487847,0,0.3076923076923077,7.0,com
https://quick-hosts.com/,0,9150,11687.0,11,1,0,3.277613436819116,0,0.3636363636363636,139.0,com
https://coincodex.com/convert/usd/eur/,0,3084,4747.0,9,0,0,2.725480556997868,0,0.5555555555555556,29.0,com
https://lading-de.xyz,1,0,,9,1,0,2.94770277922009,0,0.3333333333333333,,xyz
https://instagramviewimages.blogspot.com,1,9244,9495.0,8,0,0,2.75,1,0.25,35.0,com
https://alanchand.com/tr/crypto-price,0,1111,1460.0,9,1,0,2.419381945646371,0,0.3333333333333333,50.0,com
https://fedsfm.ru/special/activity/supervisoryactivities,0,7858,8034.0,6,0,0,2.2516291673878226,0,0.25,67.0,ru
https://ipfs.io/ipfs/bafkreiaxan6e35ko2lto6mdwrvkub64eo22yaoqw634vponfgdj37dji2a,1,4207,4382.0,4,0,0,2.0,0,0.2857142857142857,53.0,io
https://www.lexmark.com/en_us.html,0,12366,12417.0,7,0,0,2.807354922057604,0,0.4285714285714286,44.0,com
https://bit.ly/3LgDDUd,1,6397,8765.0,3,0,0,1.584962500721156,0,0.3333333333333333,49.0,ly
http://04322f.com,1,904,1095.0,6,0,5,2.251629167387823,0,0.1428571428571429,,com
https://www.spiked-online.com/topic/books/,0,9303,10956.0,13,1,0,3.238901256602631,0,0.3846153846153846,19.0,com
https://aladin.co.kr/m/mgoods.aspx,0,9808,10499.0,6,0,0,2.2516291673878226,0,0.5,279.0,co.kr
https://www.bta-gd.com/cms/wp-content/uploads/2021/04/uxz/spapis/index.html,1,2165,2556.0,6,2,0,2.584962500721156,0,0.2857142857142857,11.0,com
https://myaccount.srpnet.com/power,0,9871,10225.0,6,0,0,2.584962500721156,0,0.3333333333333333,12.0,com
https://sso--itrustcapitalcom-secure.webflow.io/,1,4581,5478.0,7,3,0,2.5216406363433186,0,0.4285714285714286,51.0,io
https://www.eurocontrol.int/airports,0,0,,11,0,0,2.8453509366224368,0,0.2727272727272727,19.0,int
https://bafkreigvgnhdrvy5qumjqzlvpqc3skggn5nvpriu63ttzqlhm7qkyyzrva.ipfs.dweb.link/,1,3193,3286.0,4,0,6,2.0,0,0.2857142857142857,55.0,link
https://www.eventbrite.com.au/signin/signup/?referrer=%2Fmytickets,0,0,,10,0,0,2.646439344671016,0,0.3,93.0,com.au
https://around.xxx/privacy,0,256,364.0,6,0,0,2.584962500721156,0,0.3333333333333333,185.0,xxx
https://www.thermiks.ru/catalog/dryingchamberelectricfurnaces/dryingcabinets_sdo/,0,9642,9862.0,8,0,0,3.0,0,0.25,20.0,ru
https://www.chateauversailles.fr/decouvrir/domaine,0,10162,10398.0,17,0,0,3.2927701939369904,0,0.2941176470588235,95.0,fr
https://syncthing.net/downloads/,0,4282,4382.0,9,0,0,2.94770277922009,0,0.3333333333333333,14.0,net
https://creepy8dvgdclbmzgt7ixpm6kjjdewdnym7xfehumor.surge.sh/,1,4137,4382.0,5,0,4,2.321928094887362,0,0.3333333333333333,105.0,sh
https://blog.lampsplus.com/ideas-and-advice/category/chandeliers/,0,10231,10575.0,9,2,0,2.5032583347756456,0,0.4444444444444444,242.0,com
https://chlevizo.ru.com/lu/restore/files/passphrase.php/,1,10883,13515.0,2,0,0,1.0,0,0.1428571428571429,,com
https://www.elmostrador.cl/destacado/,0,7570,8059.0,11,0,0,3.095795255000934,0,0.2727272727272727,33.0,cl
https://www.startmycar.com/volkswagen/jetta/problems/add,0,7845,11321.0,10,0,0,2.721928094887362,0,0.3,59.0,com
https://mudrf.taleno.cfd/y1.html,1,38,365.0,6,0,0,2.584962500721156,0,0.375,,cfd
https://www.timeextension.com/best-games,0,3481,5112.0,13,1,0,2.873140679513133,0,0.3076923076923077,10.0,com
http://meta-foundry.pages.dev/form_submit,1,0,,5,1,0,2.321928094887362,0,0.3333333333333333,7.0,dev
https://www.3essentials.com/hosting/ssl/,0,8789,9495.0,11,0,1,2.845350936622437,0,0.2727272727272727,52.0,com
https://noudpomaster.ru/media/Soglasie_PD.doc,0,4637,4747.0,12,0,0,3.418295834054489,0,0.3333333333333333,56.0,ru
https://calqc.club,1,0,,5,0,0,1.9219280948873625,0,0.2857142857142857,,club
https://www.ticketleap.com/solutions/reserved-seating/,0,8705,9130.0,10,1,0,2.9219280948873623,0,0.4,26.0,com
http://www.site-ewpbccuxi.godaddysites.com,1,4386,6939.0,12,1,0,3.0220552088742005,0,0.25,81.0,com
http://help-staking-trezr-cdn.webflow.io/,1,4581,5478.0,7,3,0,2.5216406363433186,0,0.4285714285714286,51.0,io
https://booksfer.net/az/register?lang_force=true,0,550,729.0,8,0,0,2.75,0,0.375,10.0,net
https://www.darkhorizons.com/feed/,0,10223,12782.0,12,0,0,3.2516291673878226,0,0.3333333333333333,56.0,com
https://dear-lottery.in/dear-lottery-result-today-8-pm/,0,762,1095.0,12,6,0,3.084962500721156,0,0.3333333333333333,31.0,in
https://ipfs.io/ipfs/bafybeie3ot4lbp66tnqg365ld2qyqrxq7g6c6zwy5mxsdag44pxrljg44y/LinkedCNnm.html,1,4207,4382.0,4,0,0,2.0,0,0.2857142857142857,53.0,io
https://www.certinia.com/industries/it-services/,0,1381,1460.0,8,1,0,2.75,0,0.375,14.0,com
http://oblongoilyclasses.tuviciosa.repl.co,1,4578,5843.0,4,0,0,2.0,0,0.4,,co
https://www.tiempo.com/radar-espana-reflect.html,0,10795,10957.0,6,2,0,2.584962500721156,0,0.3333333333333333,14.0,com
https://504e18e8.host.njalla.net,1,3264,6208.0,6,0,6,1.9182958340544896,0,0.3333333333333333,17.0,net
https://home.by.me/en/decor-magazine/,0,5964,6208.0,2,1,0,1.0,0,0.5,160.0,me
https://www.txst.edu/admissions.html,0,1500,2190.0,4,0,0,1.5,0,0.3333333333333333,206.0,edu
https://www.nic.li/de/statistics/,0,0,,3,0,0,1.584962500721156,0,0.2857142857142857,68.0,li
https://smbc.gvzoxn.com/v1/check,1,153,364.0,6,0,0,2.584962500721156,0,0.3333333333333333,,com
https://colostateedu.ukit.me/,1,3267,3651.0,4,0,0,2.0,0,0.2857142857142857,187.0,me
https://maper.info/2lD8W3,1,0,,5,0,0,2.321928094887362,0,0.3333333333333333,35.0,info
https://soporte-es.com.tr/icloud-archivos/code2022esp.php,1,265,363.0,10,2,0,2.7219280948873625,0,0.4,,com.tr
https://www.piescopy.com/agrifrfr/index.php,1,0,,8,0,0,2.75,0,0.25,,com
https://bussinesuitesupport.com/confirm.html,1,0,,19,0,0,3.1555650133297184,0,0.2105263157894736,,com
https://polygon.technology/cdk,0,0,,7,0,0,2.5216406363433186,0,0.2857142857142857,0.0,technology
https://www.checkmategaming.com/elite,0,3480,6938.0,15,0,0,3.240223928941852,0,0.2666666666666667,1.0,com
http://0efbd9f.wcomhost.com/de/banking-postbank/login/privatkunden/DE/f58ff12853a8e26688cf,1,5049,7670.0,8,1,2,2.75,0,0.375,,com
http://207.154.253.64/banks/cibc/f4bcd75eec3cca59df1fa21cf28f5a19/online/index2.html,1,0,,14,0,11,3.039148671903071,0,0.0,30.0,unknown
https://paloaltogt.com/.ti/main/files/css/dss/sf_marley/sf_marley/?email=3mail@a.b.c0,1,1774,1825.0,10,0,0,2.5219280948873624,0,0.4,,com
https://fluke.com/es-co,0,14271,14973.0,5,1,0,2.321928094887362,0,0.2857142857142857,342.0,com
https://macomnet.ru/it.html,0,10470,10599.0,8,0,0,2.75,0,0.4444444444444444,153.0,ru
https://rutinqqfull.site,1,0,,11,0,0,2.9139770731827523,0,0.1818181818181817,,site
http://3g3qwuly37.s3.ap-east-1.amazonaws.com/index.html,1,7401,7820.0,9,2,6,2.6416041678685933,1,0.6666666666666667,15.0,com
https://www.cgmh.org.tw/tw/Services/TeamSearch,0,9234,9562.0,4,0,0,2.0,0,0.1666666666666666,61.0,org.tw
https://nnfems.com/Webmail/29/Webmail/webmail.php,1,5734,8765.0,6,0,0,2.2516291673878226,0,0.2857142857142857,55.0,com
https://www.libertaddigital.com/opinion/2025-03-09/federico-jimenez-losantos-25-anos-y-un-dia-la-gloriosa-condena-de-la-libertad-7228519/,0,9473,9496.0,15,16,0,3.056564762130954,0,0.3333333333333333,112.0,com
https://reunion-colis.info/index.php,1,0,,13,1,0,3.238901256602631,0,0.2307692307692307,,info
https://www.woodmagazine.com/woodworking-how-to/joinery,0,10901,10958.0,12,2,0,3.2516291673878226,0,0.3333333333333333,45.0,com
https://wiomsfreuhgfterdsiok.weebly.com/,1,7178,7304.0,6,0,0,2.2516291673878226,0,0.5,37.0,com
https://ruijie.com.cn/fa/jr-wlan/11955,0,8299,9131.0,6,1,0,2.2516291673878226,0,0.2857142857142857,55.0,com.cn
https://tkscshopc.com,1,253,364.0,9,0,0,2.725480556997868,0,0.2222222222222222,,com
https://trenseferleri.com/tren/istanbul-konya,0,5425,5478.0,13,1,0,2.7192945256669794,0,0.2307692307692307,32.0,com
https://kccostume.com/9910-6273818/secure-envelope/,1,7355,7669.0,9,2,0,2.94770277922009,0,0.4444444444444444,23.0,com
https://www.snipesusa.com/,0,2437,3652.0,9,0,0,2.6416041678685933,0,0.2222222222222222,195.0,com
https://bestwebhostingreviews.xyz/wp-content/themes/twentytwenty/classes/amazon/amazon-de/ap/a642fe1aec/try-again-sms-2.php?cmd=_sms_otp_auth_,1,0,,21,5,0,3.403989446485261,0,0.1904761904761904,,xyz
https://heheheddjdke.weebly.com,1,7178,7304.0,6,0,0,2.2516291673878226,0,0.5,37.0,com
https://commerz-bran.com/2tjgm10ye9mic7dn1u4izyttqcb4t4,1,0,,12,1,0,3.2516291673878226,0,0.25,,com
https://pst-inklaring.duckdns.org/newin.htm?ui_locales=nl-NL,1,4606,5843.0,7,2,0,2.5216406363433186,0,0.25,,org
https://cutt.ly/2w5GLmUq,1,2869,4382.0,4,0,0,1.5,0,0.2857142857142857,173.0,ly
https://www.angrybirds.com/fan-art-collection/,0,5822,5843.0,10,2,0,3.121928094887362,0,0.1999999999999999,26.0,com
http://tap35782fz.cc,1,166,364.0,10,0,5,3.321928094887362,0,0.1999999999999999,18.0,cc
https://1001prof.ru/sale/otsrochka_platezha/,0,2127,2191.0,8,0,4,2.5,0,0.25,34.0,ru
https://bbbivoa.web.app/,1,0,,3,0,0,1.584962500721156,0,0.2857142857142857,56.0,app
https://three5thspod.com/wp-content/server/webail-jp.or.jp/?uid=[emailaddress,1,1636,1825.0,12,2,1,3.084962500721156,0,0.25,10.0,com
https://yaroucerv.web.app/,1,0,,3,0,0,1.584962500721156,0,0.2857142857142857,56.0,app
http://skokka.com/,0,4775,5112.0,6,0,0,1.7924812503605778,0,0.2857142857142857,11.0,com
https://www.dxn2u.com/,0,8171,9496.0,5,0,1,2.321928094887362,0,0.1428571428571429,276.0,com
http://jeminlog.godaddysites.com/,1,4386,6939.0,12,0,0,3.0220552088742005,0,0.25,81.0,com
https://www.infor.com:443/about/careers,0,11720,14608.0,5,0,0,2.321928094887362,0,0.3333333333333333,348.0,com
https://jkdb.weeblysite.com/,1,4721,4747.0,10,0,0,2.846439344671015,0,0.3,39.0,com
https://www.medtronic.com/en-ca/index.html,0,12952,13512.0,9,1,0,3.169925001442312,0,0.3333333333333333,13.0,com
https://vishnuvardhanu.github.io/amazon_clone,1,4641,5112.0,6,0,0,2.584962500721156,0,0.2857142857142857,42.0,io
https://welltory.com/how-welltory-tracks-heartbeat/,0,3729,5478.0,8,3,0,2.75,0,0.375,33.0,com
https://indumetalceara.com.br/GV5QHBsd/bCSrxWRJj/cmV2dWVAZXR1ZGVzbm9ybWFuZGVzLmZy,1,0,,14,0,0,3.3248629576173565,0,0.3571428571428571,44.0,com.br
https://qrco.de/bgMXoQ,1,0,,4,0,0,2.0,0,0.2857142857142857,86.0,de
https://nftstorage.link/ipfs/QmSDjn2MHLA1rusAaT7TrUzpnmegZE7gU987M99RMykUxi/nnooddvnde.html,1,1380,2190.0,10,0,0,3.121928094887362,0,0.3,15.0,link
http://my-login-help.xyz,1,0,,13,2,0,3.3927474104487847,0,0.2307692307692307,,xyz
https://delhidutyfree.co.in/default/customer/account/login/referer/aHR0cHM6Ly9kZWxoaWR1dHlmcmVlLmNvLmluL2RlZmF1bHQvcHJpdmFjeS1wb2xpY3ktY29va2llLXJlc3RyaWN0aW9uLW1vZGU~/,0,5814,6208.0,13,0,0,3.180832987205441,0,0.2307692307692307,14.0,co.in
https://mantosdofutebol.com.br/camisas-do-corinthians/,0,5153,6209.0,15,2,0,3.456564762130953,0,0.4,1.0,com.br
https://atomicwallet.io/tether-usdt-wallet,0,2928,3286.0,12,2,0,3.084962500721156,0,0.3333333333333333,33.0,io
https://fmdtjy.blogspot.hr,1,5468,5843.0,8,0,0,2.75,0,0.25,35.0,hr
https://samdarcy11.wixstudio.com/my-site-2,1,3261,4016.0,9,2,2,2.94770277922009,0,0.3333333333333333,27.0,com
https://www.bausch.com/about-bausch-lomb/who-we-are/,0,11267,11323.0,6,4,0,2.584962500721156,0,0.2857142857142857,341.0,com
https://beeg.com/,0,9234,9860.0,4,0,0,1.5,0,0.1999999999999999,12.0,com
https://3056338158300971688.blogspot.com/?m=1,1,9244,9495.0,8,0,19,2.75,0,0.25,35.0,com
http://pochtarefund-xeq0vb.aakly.xyz/index.php/false/false/py1n.html/discovercard.com/dfs/accounthome,1,0,,5,1,1,1.9219280948873625,0,0.4,,xyz
http://telechargervotredoc.dyndns-at-work.com,1,5669,5843.0,14,2,0,3.3787834934861767,0,0.2142857142857143,,com
https://mon-pickup-fr.com/,1,59,364.0,13,2,0,3.3927474104487847,0,0.3076923076923077,68.0,com
https://ledgeer-com-auth.pages.dev/,1,0,,5,2,0,2.321928094887362,0,0.3333333333333333,10.0,dev
https://flowgpt.com/flux,0,1061,1095.0,7,0,0,2.807354922057604,0,0.2857142857142857,44.0,com
http://204.152.210.132/index.php/false/files/files/files/files/files/files,1,0,,15,0,12,2.606238928653389,0,0.0,,unknown
https://www.zenbusiness.com/pricing-s-corporation/,0,6036,6208.0,11,2,0,2.663532754804255,0,0.2727272727272727,22.0,com
https://log-entrezor.pages.dev/,1,0,,5,1,0,2.321928094887362,0,0.3333333333333333,38.0,dev
https://www.heart.org/en/about-us/heart-attack-and-stroke-symptoms,0,11272,13947.0,5,5,0,2.321928094887362,0,0.4285714285714286,50.0,org
https://gtc-onlineweb.serv00.net,1,2363,2556.0,6,1,2,2.2516291673878226,0,0.1666666666666666,45.0,net
https://www.jeusol.fr/pyramide,0,2969,3286.0,6,0,0,2.584962500721156,0,0.25,48.0,fr
http://maculetsverifyyou.ddns.net,1,8913,9495.0,4,0,0,1.5,0,0.25,,net
https://fr-mondial-www.com/as.php,1,0,,14,2,0,3.3248629576173565,0,0.1428571428571429,62.0,com
https://www.novel543.com/ranking/0-2-1015.html,0,2165,2556.0,8,2,3,3.0,0,0.25,56.0,com
https://ahbywwtbxccvkkba-dot-millinium.ey.r.appspot.com,1,7562,7669.0,7,2,0,2.1280852788913944,0,0.4285714285714286,35.0,com
https://official-free-request-verification-form-one-service.vercel.app,1,0,,6,6,0,2.2516291673878226,0,0.1666666666666666,16.0,app
https://zed.dev/troubleshooting.html,0,0,,3,0,0,1.584962500721156,0,0.25,5.0,dev
https://www.indilogic.com/service3b56.html?popup=popup-2,0,7823,8034.0,9,1,0,2.6416041678685933,0,0.2222222222222222,94.0,com
https://falseclaimcontentcreatorshub.vercel.app/3ae&25&93cf6=5a&1eGK9d0xe13da4b=D400e,1,0,,6,0,0,2.2516291673878226,0,0.1666666666666666,16.0,app
https://reshamss.github.io/Amazon-clone/,1,4641,5112.0,6,1,0,2.584962500721156,0,0.2857142857142857,42.0,io
https://www.orange.eg/ar/Tariff-Plans/FREEmax,0,0,,6,1,0,2.584962500721156,0,0.4285714285714286,35.0,eg
https://wmata.com/schedules/index.cfm,0,10795,11688.0,5,0,0,1.9219280948873625,0,0.5,150.0,com
https://ksh.bfm.mybluehost.me/Renew-your-Vehicle-Tax-Now.php?sslchanne,1,3334,3651.0,10,4,0,3.321928094887362,0,0.3,38.0,me
http://swisspost.total26718.cfd/,1,47,365.0,10,0,5,3.121928094887362,0,0.1999999999999999,,cfd
https://seguromujer.com.ar/sessions/,1,4273,4625.0,11,0,0,2.9139770731827523,0,0.2727272727272727,38.0,com.ar
http://hometrade-nomura.31j7ego.top/yc/,1,0,,7,1,3,2.807354922057604,0,0.1428571428571429,,top
https://gaziulas.com.tr/kurumsal/ilke-ve-politikalar/gizlilik-ilkesi,0,3686,5112.0,8,3,0,2.75,0,0.25,264.0,com.tr
https://gazetesehir.com/spor,0,5022,5113.0,11,0,0,3.027169118440619,0,0.2727272727272727,20.0,com
https://fxfrxe.weebly.com/,1,7178,7304.0,6,0,0,2.2516291673878226,0,0.5,37.0,com
http://gemkilfygu.godaddysites.com/,1,4386,6939.0,12,0,0,3.0220552088742005,0,0.25,81.0,com
https://rakutnews.com/jp,1,0,,9,0,0,3.169925001442312,0,0.2222222222222222,,com
https://q-r.to/bfMKD0,1,5043,7304.0,3,1,0,1.584962500721156,0,0.1428571428571429,86.0,to
http://0efbd9f.wcomhost.com/de/banking-postbank/login/privatkunden/de/8afcafb50b3ee75f75e6/clients,1,5049,7670.0,8,1,2,2.75,0,0.375,,com
https://you.com/legal,0,9859,10269.0,3,0,0,1.584962500721156,0,0.4285714285714286,1.0,com
https://elar.ru/resheniya/kommercheskie-kompanii/,0,9073,9130.0,4,1,0,2.0,0,0.5,305.0,ru
https://bsh.ru/enterprise-en.html,0,10329,10611.0,3,1,0,1.584962500721156,0,0.25,375.0,ru
https://olx-pl.rtisulx.sbs/payment/ac9b9543af75/millennium,1,287,365.0,7,1,0,2.807354922057604,0,0.2857142857142857,,sbs
https://www.k-2-j-d.com/,0,329,2190.0,7,3,1,2.1280852788913944,0,0.0,35.0,com
https://www.joelonsoftware.com/uibook/chapters/fog0000000057.html,0,9247,9803.0,14,0,0,3.3248629576173574,0,0.3571428571428571,41.0,com
https://ubx.tfa.mybluehost.me/sbb/fss/index.php,1,3334,3651.0,10,0,0,3.321928094887362,0,0.3,251.0,me
https://forum24.ru/catalogue/4/0,0,6882,7304.0,7,0,2,2.807354922057604,0,0.25,9.0,ru
https://allegrolokalnie.pl-oferta820231.icu,1,54,365.0,15,1,6,3.773557262275185,0,0.1333333333333333,,icu
https://docs.google.com/presentation/d/e/2PACX-1vT1ENK1Q0Y5fjROeUzUABQ1eEoyAd_c2kyWUASsDGjlQP8uC2XfGGtQK7--ynGZb9DZkz04hobsWhjB/pub?start=false&amp;loop=false&amp;delayms=3000,1,10302,11321.0,6,3,0,1.918295834054489,1,0.0,35.0,com
https://security-2fa.ddnss.eu/156548a1-9c5b-4cac-b5968-8c6be6851cx6xc/9aa19ff/,1,0,,5,5,1,1.521928094887362,0,0.25,0.0,eu
https://yourbt-login.weeblysite.com/,1,4721,4747.0,10,1,0,2.846439344671015,0,0.3,39.0,com
https://notifica-c.surge.sh/pages/region.html,1,4137,4382.0,5,1,0,2.321928094887362,0,0.3333333333333333,105.0,sh
https://pub-8fc62ea1c8c14e3aab5c5986f7463d1a.r2.dev/index.html,1,0,,2,1,19,1.0,0,0.1428571428571429,7.0,dev
https://qrco.de/bfWIEe,1,0,,4,0,0,2.0,0,0.2857142857142857,86.0,de
https://docs.google.com/presentation/d/e/2PACX-1vT50O9SxRw7Qu-awYJFXPkhVU7F_OdCX_4AsoRD6u8lZaCMACMJ7bPjsPk-JatuFCpTvORlMBzPF56M/pub?start=false&amp;loop=false&amp;delayms=3000,1,10302,11321.0,6,3,0,1.918295834054489,1,0.0,35.0,com
https://www.trendnet.com/products,0,8149,8400.0,8,0,0,2.25,0,0.25,69.0,com
https://identif-log.ukit.me/,1,3267,3651.0,4,1,0,2.0,0,0.2857142857142857,187.0,me
https://hrvatska-postea.life/,1,0,,15,1,0,3.32323142879762,0,0.3333333333333333,,life
https://esse-online.jp/list/genre/home-organizing,0,3586,3655.0,11,2,0,2.663532754804255,0,0.2727272727272727,311.0,jp
https://instragramonetapacc.netlify.app/,1,0,,7,0,0,2.807354922057604,0,0.5714285714285714,210.0,app
https://www.eurojackpot.de/faq,0,0,,11,0,0,3.277613436819116,0,0.2727272727272727,12.0,de
https://www.businessfrance.fr/nous-decouvrir/notre-contribution-a-la-transition-ecologique,0,4101,4212.0,14,6,0,3.182005814760214,0,0.5,276.0,fr
https://fbcom-evkmdzo8ig.streamsteam.ca/connect.html?timelimit=f2e95b86d6b972f627dd807fdc5163c9,1,2214,2556.0,11,1,1,2.550340709546388,1,0.4545454545454546,,ca
https://pictbland.net/tabs/index,0,4589,4747.0,9,0,0,3.169925001442312,0,0.2222222222222222,12.0,net
https://apoyosoportedspalaker65-b631a6.ingress-earth.ewp.live/9tala/home,1,0,,3,2,6,1.584962500721156,0,0.25,114.0,live
https://direct-connect53.com/,1,56,364.0,16,1,2,3.327819531114783,0,0.25,,com
https://toya.net.pl/konfigurator-oferty?tab=cart,0,0,,4,1,0,2.0,0,0.3333333333333333,257.0,net.pl
https://l.ead.me/bfI4AD,1,3686,4017.0,3,0,0,1.584962500721156,0,0.5,86.0,me
http://allegrolokalnie.pl-oferta23817647321.icu,1,120,365.0,20,1,11,3.921928094887362,0,0.0999999999999999,,icu
https://eskiz.uz/en/sale,0,6651,7304.0,5,0,0,2.321928094887362,0,0.2857142857142857,367.0,uz
https://www.kickidler.com/video-recording.html,0,4397,4747.0,9,1,0,2.725480556997868,0,0.3333333333333333,34.0,com
https://es.pinterest.com/ideas/food-and-drink/918530398158/,0,5839,6208.0,9,2,0,2.725480556997868,0,0.3333333333333333,33.0,com
https://rana-avik.github.io/Clone-Amazon/,1,4641,5112.0,6,2,0,2.584962500721156,0,0.2857142857142857,42.0,io
https://emlrateskyre.top/,1,0,,12,0,0,3.0220552088742,0,0.25,,top
https://www.ashampoo.com/tr-tr/winoptimizer?x-pos=WO28BannerAlert,0,9614,9861.0,8,2,0,2.5,0,0.375,150.0,com
http://04323b.com,1,939,1095.0,6,0,5,2.2516291673878226,0,0.1428571428571429,43.0,com
https://graylog.org/products/security/,0,5947,6208.0,7,0,0,2.5216406363433186,0,0.2857142857142857,2.0,org
https://qrco.de/bfDaF3,1,0,,4,0,0,2.0,0,0.2857142857142857,86.0,de
https://www.aftenposten.no/meninger/debatt/i/qPKRJg/kriminalitet-som-tjeneste-naar-sosiale-medier-blir-torpedoen,0,9504,,11,7,0,2.913977073182752,0,0.2727272727272727,145.0,no
https://www.honeycomb.net/security/,0,10941,10956.0,9,0,0,2.94770277922009,0,0.2222222222222222,288.0,net
https://logins.social/index.html,1,0,,6,0,0,2.584962500721156,0,0.375,20.0,social
https://www.motonet.fi/artikkelit/autolampo,0,9762,10043.0,7,0,0,2.235926350629033,0,0.3333333333333333,41.0,fi
https://l.ead.me/bfK7U8,1,3686,4017.0,3,0,0,1.584962500721156,0,0.5,86.0,me
https://einthusan.tv/movie/browse/?lang=tamil,0,4659,4747.0,9,0,0,2.94770277922009,0,0.3333333333333333,47.0,tv
https://at-ts-stupendous-site-561ae6.webflow.io,1,4581,5478.0,7,4,4,2.5216406363433186,0,0.4285714285714286,51.0,io
https://btgjwai.iclearshield.com/,1,404,364.0,12,0,0,3.084962500721156,0,0.25,,com
https://www.thrustmaster.com/en-us/universe/spacesim/,0,11345,11686.0,12,1,0,2.8553885422075336,0,0.4166666666666666,25.0,com
https://www.i3d.net/bare-metal-cloud/,0,9922,10225.0,3,2,1,1.584962500721156,0,0.25,18.0,net
https://www.sebitvcloud.com/tr/vitamin-lgs.jsp,0,4289,5112.0,11,1,0,3.459431618637298,0,0.2727272727272727,238.0,com
https://get-free-8000-robux.blogspot.co.nz/,1,7381,,8,3,4,2.75,0,0.25,35.0,co.nz
http://101.99.90.128/banks/cibc/010dc150a13c7436b7ed27f7c2371ca0,1,0,,13,0,10,2.449311833026446,0,0.0,137.0,unknown
https://creately.com/lp/er-diagram-tool-online/,0,6338,6573.0,8,3,0,2.75,0,0.25,283.0,com
https://poopeegirls.com/,0,4685,4747.0,11,0,0,2.9139770731827523,0,0.3636363636363636,35.0,com
https://www.ninjaone.com/pt-br/contactusform/,0,2774,4382.0,8,1,0,2.4056390622295662,0,0.5,30.0,com
https://ato071.web.app/,1,0,,3,0,3,1.584962500721156,0,0.2857142857142857,56.0,app
https://tass.ru/obschestvo,0,6074,6208.0,4,0,0,1.5,0,0.25,229.0,ru
https://www.jsalon.com.usrfiles.com/html/9ada54_5d017cea703810da84e530513c893e8b.html,1,4570,4747.0,8,0,0,2.75,0,0.25,38.0,com
https://tongrenquan.org/tongren/9495.html,0,1705,1825.0,11,0,0,3.027169118440619,0,0.2727272727272727,,org
https://www.jpx.co.jp/corporate/governance/index.html,0,5091,,3,0,0,1.584962500721156,0,0.2857142857142857,206.0,co.jp
https://www.msccrociere.it/crociere/msc-esperienze-e-cabine,0,8004,8278.0,11,3,0,2.6635327548042547,0,0.3636363636363636,13.0,it
https://phrma.org/policy-issues,0,11370,12782.0,5,1,0,2.321928094887362,0,0.3333333333333333,59.0,org
https://tinyurl.com/y5f9cwzx,1,8700,12052.0,7,0,0,2.807354922057604,0,0.2857142857142857,10.0,com
http://365.qwe123-asd456-zxc789.sunwayland-lkys.net/xin,1,2452,2556.0,15,3,12,3.240223928941852,0,0.2666666666666667,6.0,net
https://secure-authrbcroyal.com/ClientSignin.htm,1,0,,19,1,0,3.576617644908665,0,0.2105263157894736,,com
https://baza-knig.info/ispolnitel-24-bordukov-aleksandr,0,0,,9,4,0,2.94770277922009,0,0.3333333333333333,85.0,info
https://www.waldnet.nl/waldkykjes/,0,8795,,7,0,0,2.807354922057604,0,0.5714285714285714,14.0,nl
https://param.com.tr/kurumsal,0,3851,4016.0,5,0,0,1.9219280948873625,0,0.5,215.0,com.tr
https://tny.im/8fvn9,1,0,,3,0,0,1.584962500721156,0,0.2857142857142857,21.0,im
https://ty2238.top/sbiuen/,1,0,,6,0,4,2.2516291673878226,0,0.1666666666666666,,top
http://meta-for-business-case-check.pages.dev/,1,0,,5,4,0,2.321928094887362,0,0.3333333333333333,6.0,dev
http://flhsmvgzse.vip/pay,1,0,,10,0,0,3.121928094887362,0,0.1999999999999999,,vip
https://ur0.jp/WgYJ,1,1693,1844.0,3,0,1,1.584962500721156,0,0.1428571428571429,9.0,jp
https://pub-85bbcfc8e2cc4e208e89052658fa8c33.r2.dev/vmo.html,1,0,,2,1,20,1.0,0,0.1428571428571429,7.0,dev
https://smkcmqsituvnarikjp.cfd/v2/check,1,54,365.0,18,0,0,3.725480556997868,0,0.2222222222222222,,cfd
https://www.welovetennis.fr/atp/andrea-petkovic-departage-alcaraz-et-sinner-pour-moi-cest-le-joueur-le-plus-fort-mentalement-de-tout-le-circuit,0,6472,6938.0,12,18,0,3.0220552088742005,0,0.25,28.0,fr
https://www.jotform.com/app/252531808488364,1,7317,10591.0,7,0,0,2.5216406363433186,0,0.3333333333333333,39.0,com
https://libyanspider.com/ar/domains/ssl-certificates/,0,8532,9496.0,12,1,0,3.418295834054489,0,0.3333333333333333,33.0,com
https://www.ipv4.global/case-studies/,0,0,,4,1,1,2.0,0,0.1999999999999999,36.0,global
https://papaya.com/games,0,10816,10957.0,6,0,0,1.4591479170272448,0,0.5,276.0,com
https://ahmetalpman.com/beta-blokerler/,0,7836,8034.0,11,1,0,2.845350936622437,0,0.3636363636363636,40.0,com
https://traffer.net/help/form,0,4530,5112.0,7,0,0,2.235926350629033,0,0.4285714285714286,23.0,net
https://www.fox5dc.com/shows/24-7-dc-live-news-weather-from-fox-5,0,9997,10225.0,6,8,1,2.584962500721156,0,0.1666666666666666,34.0,com
https://eeidupdates.com,1,0,,11,0,0,2.845350936622437,0,0.2727272727272727,,com
https://www.vocus.com.au/vocus-blog,0,0,,5,1,0,2.321928094887362,0,0.5,308.0,com.au
https://www.blueconic.com/retail,0,6496,6574.0,9,0,0,2.94770277922009,0,0.2222222222222222,29.0,com
https://cccs.edu/foundation/,0,8635,8885.0,4,0,0,0.8112781244591328,0,0.25,6.0,edu
https://docs.google.com/presentation/d/1EQyK9MaiHCxeVBgLOuj7LHyl4-OLtGN17Z4-wZ6iL9I/pub?start=false&loop=false&delayms=3000,1,10302,11321.0,6,2,0,1.918295834054489,1,0.0,35.0,com
https://btconnect-voice-message.webflow.io/,1,4581,5478.0,7,2,0,2.5216406363433186,0,0.4285714285714286,51.0,io
https://www.fl.ru/projects/category/reklama-marketing/,0,9378,9507.0,2,1,0,1.0,0,0.2857142857142857,341.0,ru
https://www.musicstore.de/de_DE/EUR/Gitarren/cat-GITARRE,0,0,,10,1,0,3.121928094887362,0,0.3,48.0,de
http://yctk.vinawebsite.vn/blobnqk.html,1,0,,11,0,0,3.0957952550009344,0,0.3636363636363636,59.0,vn
https://hayatgazetesiordu.com/spor,0,3193,3286.0,17,0,0,3.572469458770136,0,0.2352941176470588,24.0,com
https://www.kualo.com/domains/domain-prices,0,8838,10226.0,5,1,0,2.321928094887362,0,0.3333333333333333,30.0,com
https://phantomwolletextension-space.webflow.io/,1,4581,5478.0,7,1,0,2.5216406363433186,0,0.4285714285714286,51.0,io
https://atasci.com.au/owa/wp-session.php,1,0,,6,1,0,2.2516291673878226,0,0.3333333333333333,,com.au
https://www.fox2detroit.com/sports,0,10670,10955.0,11,0,1,3.0957952550009344,0,0.2727272727272727,29.0,com
https://3vcsvf.lat/bbth0ja9/UwQ8II/7,1,0,,6,0,1,2.2516291673878226,0,0.3333333333333333,,lat
http://u1923148.cp.regruhosting.ru/,1,6427,6573.0,12,0,7,3.2516291673878226,0,0.25,,ru
https://www.einpresswire.com/trustpilot-reviews,0,6185,6573.0,12,1,0,2.688721875540867,0,0.3333333333333333,335.0,com
https://www.couchplay.tv/impressum.html,0,3727,4017.0,9,0,0,2.94770277922009,0,0.2222222222222222,195.0,tv
https://lycosweb.weebly.com/,1,7178,7304.0,6,0,0,2.2516291673878226,0,0.5,37.0,com
https://healthcareindia.store/collections/activewear,0,198,364.0,15,0,0,3.189898095464287,0,0.2666666666666667,,store
http://206.189.87.184/online/atb/0de8aa724f6b21affc76995d643a9783/last.html,1,0,,14,0,11,2.9852281360342525,0,0.0,,unknown
http://myshaksales.dogfriendlytahoe.com,1,6017,6208.0,16,0,0,3.625,0,0.3125,53.0,com
https://usps.com-trackkjr.top/,1,0,,12,1,0,3.084962500721156,0,0.25,,top
https://www.watchesandcrystals.com/collections/all-mens-watches/movement_hand-wound,0,3244,3651.0,18,3,0,3.419381945646371,0,0.2777777777777778,49.0,com
http://www.tap4317x28.cc/,1,69,364.0,10,0,6,3.321928094887362,0,0.1999999999999999,,cc
https://www.netcraft.com/lp/forrester-tei-study,0,11358,14608.0,8,2,0,2.75,0,0.375,13.0,com
https://fl.sunpashldm.cfd/,1,198,365.0,10,0,0,3.121928094887362,0,0.3,,cfd
https://lit-software-services.firebaseapp.com/,1,4785,5112.0,11,2,0,2.913977073182752,0,0.3636363636363636,56.0,com
https://ol0dof7nqj0pilm0tsgrctzxqy5nm.lspower.xyz/usps/verification.html,1,0,,7,0,5,2.807354922057604,0,0.2857142857142857,,xyz
https://www.sciencefocus.com/the-human-body/the-human-body/flexibility-helps-you-live-longer,0,9394,9495.0,12,8,0,2.8553885422075336,0,0.25,134.0,com
https://www.stratasys.com/br/,0,11825,12416.0,9,0,0,2.197159723424149,0,0.3333333333333333,18.0,com
http://0efbd9f.wcomhost.com/de/banking-postbank/login/privatkunden/de/43258fe6f1b48853980c/clients/pass.php,1,5049,7670.0,8,1,2,2.75,0,0.375,,com
https://sso-kraken--w--cdn---auth.webflow.io/,1,4581,5478.0,7,8,0,2.5216406363433186,0,0.4285714285714286,51.0,io
https://www.dotandkey.com/cart,0,2854,2921.0,9,0,0,2.94770277922009,0,0.3333333333333333,44.0,com
http://13.126.65.8/docexademo/uploads/index.php/bofa/bofa/f927c64ad2e6a022a3663fe7e,1,0,,11,0,8,2.663532754804255,0,0.0,,unknown
https://humdrum-periodic-web.glitch.me/jewel.html,1,6335,6938.0,6,2,0,2.584962500721156,0,0.2857142857142857,2.0,me
https://www.bsh-group.com/se/,0,9298,9495.0,9,1,0,3.169925001442312,0,0.2222222222222222,19.0,com
https://itb.ac.id/pengunjung,0,0,,3,0,0,1.584962500721156,0,0.3333333333333333,329.0,ac.id
https://www.hrw.org/fr/publications,0,11329,12782.0,3,0,0,1.584962500721156,0,0.1428571428571429,55.0,org
https://elated-joliot.192-3-1-237.plesk.page,1,0,,5,4,8,2.321928094887362,0,0.25,,page
https://secureswells.com,1,0,,12,0,0,2.6258145836939115,0,0.25,,com
https://owa049340034.firebaseapp.com/,1,4785,5112.0,11,0,9,2.913977073182752,0,0.3636363636363636,56.0,com
https://www.daytondailynews.com/business/,0,10365,10590.0,15,0,0,3.373557262275185,0,0.2666666666666667,16.0,com
http://qxikqij.astoup.cfd/rrkjwu,1,43,365.0,6,0,0,2.584962500721156,0,0.3333333333333333,,cfd
"https://services.runescape.com-vzla.ru/m=weblogin/loginform583,199,113,88479118,2497%0a",1,0,,8,1,0,3.0,0,0.25,,ru
https://paireyewear.com/collections/all-frames?sort_by=best-selling&filter.v.availability=1&filter.p.m.custom_fields.frame_material=Mixed%20Material,0,3119,3286.0,11,2,0,2.663532754804255,0,0.3636363636363636,41.0,com
https://ezdriverma.com-xaaaqn.vip/,1,0,,10,1,0,2.846439344671015,0,0.3,,vip
https://www.ksla.com:443/page/christus-health-update,0,11065,11321.0,4,2,0,2.0,0,0.2857142857142857,61.0,com
https://calmatters.org/subscribe-to-calmatters/,0,4150,4382.0,10,2,0,2.9219280948873623,0,0.5,21.0,org
http://allegrolokalnie.pl-oferta5524335.sbs,1,58,365.0,16,1,7,3.577819531114783,0,0.125,,sbs
https://betterfithomecare.com/wp-includes/simplepie/decode/html/aza/log.htm,1,1955,2190.0,17,1,0,3.219528282299548,0,0.2941176470588235,41.0,com
https://www.technologynetworks.com/analysis/cookies,0,8619,8765.0,18,0,0,3.5724312513221195,0,0.2222222222222222,6.0,com
http://pornovibe.pro/index.html,0,0,,9,0,0,2.94770277922009,0,0.3333333333333333,,pro
https://www.darktable.org/resources/camera-support/,0,5807,5843.0,9,1,0,2.94770277922009,0,0.3333333333333333,80.0,org
https://www.cbpp.org/es/about/contact,0,11093,13513.0,4,0,0,1.5,0,0.25,30.0,org
https://lulu-row1.com/api.html,0,234,364.0,9,1,1,2.725480556997868,0,0.2222222222222222,86.0,com
https://data.world/product/marketplace/,0,0,,4,0,0,1.5,0,0.375,53.0,world
https://www.yaplakal.com/adv/,0,7863,8399.0,8,0,0,2.1556390622295662,0,0.375,45.0,com
https://www.asterisk.org/community/documentation/,0,9753,9861.0,8,0,0,2.75,0,0.375,40.0,org
https://www.manoramanews.com/indepth/local-body-election-025.html,0,8654,9496.0,12,3,0,2.8553885422075336,0,0.25,269.0,com
https://docs.google.com/presentation/d/e/2PACX-1vQRiCRnMBGEeU9geoC6pBujgKRO-qBW9vG-QnIZ0deREmZAGRaRRWCYohx59TP69AyRbNghbM_ahloM/pub?start=false&amp;loop=false&amp;delayms=3000,1,10302,11321.0,6,3,0,1.918295834054489,1,0.0,35.0,com
https://www.meendox.net/profile/advertisingru,0,1473,1825.0,7,0,0,2.5216406363433186,0,0.2857142857142857,309.0,net
https://vipor.net/miners,0,5270,6574.0,5,0,0,2.321928094887362,0,0.3333333333333333,29.0,net
https://sheet-mouse-3320.killianelias.workers.dev/fb89b367-02da-4a6a-adb4-26acc2de8790,1,0,,7,6,4,2.5216406363433186,0,0.2857142857142857,33.0,dev
https://winpreisu12.web.app/,1,0,,3,0,2,1.584962500721156,0,0.2857142857142857,56.0,app
https://www.qobuz.com/gb-en/about,0,6709,6939.0,5,1,0,2.321928094887362,0,0.2857142857142857,20.0,com
https://tju.edu.cn/td/ks.htm,0,0,,3,0,0,1.584962500721156,0,0.1999999999999999,308.0,edu.cn
http://159.203.0.133/directing/www.cibc.mobi/ebm-mobile-anp/accountConfirm.php,1,0,,13,2,10,2.661226256269789,0,0.0,47.0,unknown
https://royalmail.package-deliverys.co,1,0,,17,1,0,3.6901165175936654,0,0.2352941176470588,,co
https://pub-d94f486b7cd247489f579f84ff5f6c91.r2.dev/fl123ghsteindex/rehjson1234.html,1,0,,2,1,22,1.0,0,0.1428571428571429,7.0,dev
http://www.mky.com/images/sa/mostroliupiu/aviamicaspoilerturce/comisvoiajoeusa/cefacacutiz/spoialaalu/mucan/fata.html?MASDDASBNASDBNSDABNSD=SDABDSANBSDABSDAVBASD6SADNMBASDMNASDBNDASBASDNASD7ASDBNASDVBDASVAVBAS8ASMNDBAMNBDASMNSDA5ASADNSBBSDANBSDANBDBASMNBD,1,10723,10955.0,3,0,0,1.584962500721156,0,0.25,,com
https://www.pamukkalehaber.com/denizli-ilceler,0,5060,5478.0,14,1,0,3.182005814760214,0,0.2857142857142857,27.0,com
https://lesbenjamins.com/collections/erkek-zip-hoodie,0,6049,6208.0,12,2,0,3.084962500721156,0,0.3333333333333333,16.0,com
http://cheyopt.net/tapmad.com/WomensCricketWorldCup2025/PK/MRECVideo10sec/,1,865,1095.0,7,0,0,2.807354922057604,0,0.3333333333333333,26.0,net
https://www.procer.com.br/solucoes/ceres-orion-2-0/,0,5402,5478.0,6,3,0,2.2516291673878226,0,0.3333333333333333,9.0,com.br
https://gsclinic.pt/css/style/7986/dWxyaWthLmd5bGx1bkByYWxwaGxhdXJlbi5jb20=?bsft_clkid=df56c114-0413-490e-8df2-b5c5f56858be&bsft_uid=6eceeca0-e859-4c21-adb1-638fb0f5d03d&bsft_mid=14762392-8ab7-4cea-8fa3-c866d80bc792,1,0,,8,12,0,2.5,0,0.125,52.0,pt
https://docs.google.com/presentation/d/e/2PACX-1vQZjePaEtyMy1eM0N21CTij7607GBmjW8PibaQG7LDWp2ksSCTbEgkdtOx8FlxFvUuOV114NrSvlJjJ/pub?start=false&amp;loop=false&amp;delayms=3000,1,10302,11321.0,6,1,0,1.918295834054489,1,0.0,35.0,com
https://warningleadcraft.vercel.app/ttu&g_ep=EgoyMDI1MDMyMy4wIKXMDSoA.html,1,0,,6,0,0,2.2516291673878226,0,0.1666666666666666,16.0,app
https://rennlist.com/forums/,0,9756,9861.0,8,0,0,2.75,0,0.375,38.0,com
https://bachaaparty.com/collections/baby-girl-hoodies-sweatshirts-fall-2025,0,3680,4017.0,11,5,0,2.7321588913645707,0,0.3636363636363636,46.0,com
https://www.wfa.sey.mybluehost.me/faktura/eu/betaling/punktum-dot_DK/Log.php,1,3334,3651.0,10,1,0,3.321928094887362,0,0.3,251.0,me
https://chrono-votre-envoie-frais-recuperation-information.com/espaceabonne/bibaztgkmv4983,1,0,,50,5,0,3.701664262558637,0,0.12,,com
http://telekom-privatkunden-de.com,1,63,364.0,23,2,0,3.74095326040484,0,0.217391304347826,145.0,com
https://bjak.my/en/renew-insurance?utm_source=page&utm_campaign=allianz-car-insurance,0,2067,2190.0,4,3,0,2.0,0,0.2857142857142857,13.0,my
https://www.laccd.edu/about,0,12508,12758.0,5,0,0,1.9219280948873625,0,0.2857142857142857,74.0,edu
https://www.portainer.io/solutions/managed-platform-services,0,3378,3651.0,9,2,0,2.94770277922009,0,0.3333333333333333,3.0,io
https://docs.google.com/forms/d/e/1FAIpQLSd7teH4xLq7SVs0iVYdnphghabmZdbv0Tc5y1hDiLxIUh3g2Q/viewform?usp=pp_url,1,10302,11321.0,6,0,0,1.918295834054489,1,0.0,35.0,com
https://www.netinfocompany.bg/portfolio/abv,0,0,,14,0,0,3.3248629576173574,0,0.2857142857142857,27.0,bg
https://mochahost.com/cpanel-hosting,0,8174,8400.0,9,1,0,2.725480556997868,0,0.4444444444444444,31.0,com
https://emdwhocs.karivo.cfd/cyksejv,1,39,365.0,6,0,0,2.584962500721156,0,0.25,,cfd
https://gateway.ipfs.io/ipfs/bafybeiflex76hlrdijin3nshair3rmklx6kousrippenm7sjkd2uzglq5u,1,4207,4382.0,4,0,0,2.0,0,0.2857142857142857,53.0,io
https://fbclid8123471236748129583.web.app/,1,0,,3,0,19,1.584962500721156,0,0.2857142857142857,56.0,app
https://playsimple.co/games/crossword-jam,0,4157,5113.0,10,1,0,2.9219280948873623,0,0.4,15.0,co
https://nickel-service-clients-bd2b42.ingress-comporellon.ewp.live,1,0,,3,4,3,1.584962500721156,0,0.25,114.0,live
https://www.epicor.com/en/solutions/,0,9812,9861.0,6,0,0,2.584962500721156,0,0.2857142857142857,47.0,com
http://gefforu2025.blogspot.co.nz,1,7381,,8,0,4,2.75,0,0.25,35.0,co.nz
https://bit.ly/4gYT0hF,1,6397,8765.0,3,0,0,1.584962500721156,0,0.3333333333333333,49.0,ly
https://weburg.net/news/,0,5716,5843.0,6,0,0,2.584962500721156,0,0.3333333333333333,,net
https://aurora.dev/ecosystem/aurora-pass,0,0,,6,1,0,1.918295834054489,0,0.3333333333333333,9.0,dev
https://sc.link/1fhja,1,1985,2190.0,2,0,0,1.0,0,0.1999999999999999,131.0,link
https://dexter-serial.com/index.html,0,711,730.0,13,1,0,3.180832987205441,0,0.2307692307692307,56.0,com
https://easy-secure-app.com,1,0,,15,2,0,3.0565647621309537,0,0.2666666666666667,,com
https://www.euroncap.com/en/about-euro-ncap/,0,9610,9861.0,8,2,0,3.0,0,0.25,43.0,com
https://www.watoday.com.au/politics/western-australia,0,0,,7,1,0,2.5216406363433186,0,0.375,87.0,com.au
https://bghocalonia.firebaseapp.com/,1,4785,5112.0,11,0,0,2.913977073182752,0,0.3636363636363636,56.0,com
https://callhelp.my.id,1,0,,8,0,0,2.4056390622295662,0,0.25,,my.id
https://ipfs.best-practice.se/ipfs/bafybeidofxreo4tesjb77gdpsmlb763ctzg6ylqijqj74a2izxnpxf7cra/link.html,1,5642,5843.0,13,1,0,3.238901256602631,0,0.3076923076923077,6.0,se
https://market.us/reports/advanced-materials/,0,8612,9495.0,6,1,0,2.584962500721156,0,0.3333333333333333,28.0,us
http://business.identitypageeconfirm.com/metacommunity-standard100063914683296,1,0,,20,1,0,3.6464393446710153,0,0.3,,com
https://www.sekerbank.com.tr/mevduat-ve-yatirim-urunleri,0,10320,11686.0,9,3,0,2.725480556997868,0,0.3333333333333333,88.0,com.tr
https://my--sso--itrustcapital-com--auth-h.webflow.io/,1,4581,5478.0,7,8,0,2.5216406363433186,0,0.4285714285714286,51.0,io
https://ibanlebonpay.com,1,0,,12,0,0,3.084962500721156,0,0.3333333333333333,,com
https://www.lawfaremedia.org/about/support,0,1253,1460.0,12,0,0,3.0220552088742005,0,0.3333333333333333,251.0,org
https://asterdao.pages.dev/wallet,1,0,,5,0,0,2.321928094887362,0,0.3333333333333333,0.0,dev
https://rbfcu-star.azurewebsites.net/(S(hbx5tn1wql1goobfpuksgdsx))/Main/Login,1,5050,5113.0,13,1,0,3.180832987205441,0,0.2307692307692307,,net
https://bafkreicjxjykur3kvqsf56mcsahwzfm7wzes4yi56z4qybqjclqdzccpqy.ipfs.cf-ipfs.com,1,2544,5113.0,7,1,8,2.5216406363433186,0,0.25,,com
https://www.klix.ba/lifestyle,0,0,,4,0,0,2.0,0,0.4285714285714286,13.0,ba
https://get.it.com/for-registrars,0,12083,15338.0,2,1,0,1.0,0,0.3333333333333333,34.0,com
https://www.nextdirect.com/shop/gender-women-feat-newin,0,10000,10225.0,10,3,0,2.9219280948873623,0,0.3,27.0,com
http://www.damobell.vercel.app/,1,0,,6,0,0,2.2516291673878226,0,0.1666666666666666,16.0,app
https://www.ceylanotantik.com/sifremi-unuttum,0,2534,5478.0,13,1,0,3.238901256602631,0,0.2307692307692307,11.0,com
http://tabletcaptiveportal.com/,0,2228,2556.0,19,0,0,3.2608281712244547,0,0.2631578947368421,,com
http://turkoloji.cu.edu.tr/turkoloji_kaynakca/kaylist.php,0,10020,10225.0,2,0,0,1.0,0,0.25,15.0,edu.tr
https://5fgfgffg4g4g4gh4.blogspot.com/?m=1,1,9244,9495.0,8,0,5,2.75,0,0.25,35.0,com
https://raisingchildren.net.au/pregnancy/premature-birth,0,0,,15,1,0,3.32323142879762,0,0.2666666666666667,50.0,net.au
https://novelcool.com/category/latest.html,0,2781,3286.0,9,0,0,2.419381945646371,0,0.3333333333333333,28.0,com
http://cediarmailin.000webhostapp.com/a43ccbbcfa12a680d7f135641e8409dc/check.php?7c80bfbda6ecd7c6eac58acfd9421314?dispatch=n39gF6UUsyurkTIzRPARWf41vDzCfYJ8P2HtNXxjB4IOeD4ELy,1,3482,4747.0,13,0,3,3.180832987205441,0,0.3846153846153846,,com
http://r1bc-ac716ai.society4millenials.com/index.php/false/false/py1n.html/discovercard.com/dfs/accounthome/summary/-www.schwab.com/secure.accurint.com/unfcu2.org/login1/wachovia.com/myaccounts.aspx/files/files/files/files/files/files/files/files/files,1,0,,18,2,5,3.419381945646371,0,0.2222222222222222,,com
https://square.htx.com/zh/category/htx-zhoukan/,0,10937,11321.0,3,1,0,1.584962500721156,0,0.2857142857142857,3.0,com
http://help.metaauth.click/marketplacesupport,1,358,364.0,8,0,0,2.5,0,0.25,,click
https://www.powerdns.com/domain-name-hosting,0,9761,10226.0,8,2,0,3.0,0,0.125,35.0,com
https://cryptoslate.com/directory/,0,3032,3286.0,11,0,0,3.277613436819116,0,0.2727272727272727,55.0,com
https://pub-9fc7ca7b6e3a4bacaf0a7d82074e0d48.r2.dev/link(4).html,1,0,,2,1,17,1.0,0,0.1428571428571429,7.0,dev
https://resource.buymediaspace.com/wp-content/plugins/premium-addons-for-elementor/widgets/dep/form-presets/wells/signon.php?cmd=signon_submit&id=b9d3afafc8127b02048e18290945a942b9d3afafc8127b02048e18290945a942&session=b9d3afafc8127b02048e18290945a942b9d3afafc8127b02048e18290945a942,1,3783,4382.0,13,5,0,3.3927474104487847,0,0.3076923076923077,30.0,com
https://easychair.org/contact,0,7647,10956.0,9,0,0,2.94770277922009,0,0.3333333333333333,63.0,org
https://ll-games.com/en/games/,0,3251,3286.0,8,1,0,2.75,0,0.25,332.0,com
https://secured1re.s3.us-east-2.amazonaws.com/index.html,1,7401,7820.0,9,2,3,2.6416041678685933,1,0.6666666666666667,3.0,com
https://coinbcaeprologun.gitbook.io,1,4255,6208.0,7,0,0,2.521640636343318,0,0.5,0.0,io
https://toddderby.net/w,1,3254,3286.0,9,0,0,2.6416041678685933,0,0.3333333333333333,,net
https://cookie-script.com/legal-information/south-africa-s-protection-of-personal-information-act,0,4560,5843.0,13,9,0,3.238901256602631,0,0.2307692307692307,10.0,com
https://mediosalleh.weebly.com/,1,7178,7304.0,6,0,0,2.2516291673878226,0,0.5,37.0,com
http://www.happydayshouseboats.com/p2y9bmv3rmimyw1wo2w9zszhbxa7at0ymjgxnizrzxk9mtc4nte0oa==,1,8982,9861.0,19,0,0,3.326360407952693,0,0.2105263157894736,,com
https://www.free.fr/freebox/comparer-nos-offres-freebox/,0,9748,10144.0,4,3,0,1.5,0,0.25,42.0,fr
https://crazymaplestudios.com/resources/falling-for-my-exs-general-dad-cast-01-2-29ff59f9e4e9-2/,0,2752,4747.0,17,10,0,3.8521687236032816,0,0.2352941176470588,328.0,com
https://cohere.com/rerank,0,9390,10226.0,6,0,0,2.251629167387823,0,0.375,21.0,com
https://fabricmc.net/ja:start,0,2546,2921.0,8,0,0,2.75,0,0.25,9.0,net
https://tiktokshop.jttyavc.com/,1,0,,7,0,0,2.5216406363433186,1,0.2857142857142857,,com
http://olgon.net/public/q5kzp8UwkjJqgDC2162gAu0D2gda1eLJ,1,2941,3651.0,5,0,0,1.9219280948873625,0,0.3333333333333333,1.0,net
http://cod-ff-rewarde.blogspot.com/,1,9244,9495.0,8,2,0,2.75,0,0.25,35.0,com
https://eda1.ru/o-pravilnom-podhode-k-prigotovleniyu-rollov,0,6679,6939.0,4,5,1,2.0,0,0.5,36.0,ru
https://docs.google.com/presentation/d/e/2PACX-1vQu3ZicKPnh8ujU2AW3aGEIJI2gIe71Mk2fTqZhU1IwfHCFb_5ynys7vdKFoJDAW8A-y2iqccYs4RLq/pub?start=false&amp;loop=false&amp;delayms=3000,1,10302,11321.0,6,2,0,1.918295834054489,1,0.0,35.0,com
https://txtag.org-txtagstorefrontjazg.xin/,1,0,,23,1,0,3.468576629687865,0,0.217391304347826,,xin
https://gatekeeperconsent.com/docs/help/troubleshooting/,0,990,2191.0,17,0,0,3.169248695695233,0,0.2352941176470588,45.0,com
https://my.blog/category/blogging-for-businesses/,0,3320,3651.0,2,2,0,1.0,0,0.25,10.0,blog
https://l.ead.me/bfJiEQ,1,3686,4017.0,3,0,0,1.584962500721156,0,0.5,86.0,me
https://fitweb.or.jp/service/,0,10750,,6,0,0,2.584962500721156,0,0.4285714285714286,14.0,or.jp
https://www.support-violations.ml,1,0,,18,1,0,3.4613201402110083,0,0.2777777777777778,,ml
https://jlnmtqa.fenaro.cfd/y1.html,1,44,365.0,6,0,0,2.584962500721156,0,0.3333333333333333,,cfd
https://dmv-ca.gov-yuom.live/,1,0,,8,2,0,2.75,0,0.25,,live
https://martinmanualidades.cl/csgii?target=asharpy@guardianalarm.com,1,2515,3286.0,18,0,0,3.281036112553424,0,0.2777777777777778,6.0,cl
https://bgbhxm.cn/puvxrokt,1,169,364.0,6,0,0,2.2516291673878226,0,0.1666666666666666,,cn
https://sputnikglobe.com/tag_Donald_Trump/,0,968,1826.0,12,0,0,3.584962500721156,0,0.3333333333333333,49.0,com
https://www.jobui.com/gangwei/waimaoyewuyuan/,0,7465,8400.0,5,0,0,2.321928094887362,0,0.375,329.0,com
https://cornchaos.com/page%20int/directing/royalbank/rbcgi3m012.html,1,0,,9,0,0,2.725480556997868,0,0.4444444444444444,,com
https://www.aldi.fr/carriere/nos-metiers/en-logistique.html,0,10502,10604.0,4,2,0,2.0,0,0.2857142857142857,97.0,fr
https://www.airtasker.com/au/services/accounting/,0,5239,5554.0,9,0,0,2.725480556997868,0,0.3333333333333333,1.0,com
https://pub-2f0725b2b5af435caf7d7e72b9527d4a.r2.dev/index.html,1,0,,2,1,20,1.0,0,0.1428571428571429,7.0,dev
https://www.jofogas.hu/bacs_kiskun/Elado_kontener_iroda_mobilhaz_mobil_haz_3x6_5m_lakokontener_154510097.htm,0,389,,7,0,0,2.5216406363433186,0,0.4285714285714286,354.0,hu
http://3guq.sap3386erj.cc,1,69,364.0,10,0,5,3.121928094887362,0,0.3,,cc
https://www.karusel-tv.ru/announce/15067-tobot,0,5463,5478.0,10,2,0,3.321928094887362,0,0.1999999999999999,278.0,ru
https://www.aldi.fr/offres-et-bons-plans.html,0,10502,10604.0,4,3,0,2.0,0,0.2857142857142857,97.0,fr
https://www.upn.edu.pe/carrera/administracion,0,0,,3,0,0,1.584962500721156,0,0.25,14.0,edu.pe
https://www.sverigesradio.se/artikel/svenskar-pa-kanarieoarna-varnas-kraftigt-regnovader-drar-in,0,8248,8400.0,13,7,0,3.0850551027564768,0,0.2307692307692307,277.0,se
https://webim.ru/chat-bots/,0,6993,7304.0,5,1,0,2.321928094887362,0,0.4,18.0,ru
https://usps.com-trackgkw.top/us/,1,0,,12,1,0,3.2516291673878226,0,0.25,,top
http://234.50.198.35.bc.googleusercontent.com/atendimento/mobile/02/login/?key=oirckbzviqfcjotdbnptqthquyun9aghfx1whgr5nsnn083m4j4u7klqvfukawtjoqntlqidd0ilskfwansuagdqmo7b8hacll2nhgqo2xzae7vl7iwjkgnb6uz0zz0lotjdi4awmhk9nhktvz99xv,1,6220,6573.0,17,0,10,3.175123135113461,1,0.3529411764705882,,com
https://consent.orange.fr/global-cookies/1ede4bb66a8455a4eb47892198bd0d2344f0602d/global-cookies.1ede4bb66a8455a4eb47892198bd0d2344f0602d.html,1,9059,9384.0,6,2,0,2.584962500721156,0,0.4285714285714286,27.0,fr
https://cad.sc2k.in/oCDh_DR?y2T_g5=ZH9wmG5ib2KclbJzxGpraHd1YKCDomZjb4CRpX9xkWpfamlfpn1xkGhkaWJ-hg/niesters@greifvogelstation-hellenthal.de&s3=&s4=,1,0,,4,2,1,2.0,0,0.25,,in
https://newmitbbs.com/blog,0,1220,1460.0,9,0,0,2.9477027792200903,0,0.3333333333333333,43.0,com
https://www.netgsm.com.tr/sms/toplu-sms,0,5444,7303.0,6,1,0,2.584962500721156,0,0.4444444444444444,223.0,com.tr
https://www.larksuite.com/solutions/usecase/global-collaboration?from=apac_usecase,0,2772,2921.0,9,1,0,3.169925001442312,0,0.3333333333333333,360.0,com
https://storageapi.fleek.co/43b1f1d7-75d3-4242-a603-99bc97d23962-bucket/index.html,1,2086,2190.0,5,5,0,1.9219280948873625,0,0.375,3.0,co
https://placeit.net/mockups/3d,0,4433,5112.0,7,0,0,2.807354922057604,0,0.2857142857142857,53.0,net
https://www.enuygunsigorta.com/sirket/hdi-sigorta/,0,6664,9861.0,14,1,0,3.3787834934861767,0,0.2857142857142857,328.0,com
https://hizlicicek.com/urun/royal-white-lilyum,0,7414,9130.0,10,2,0,2.646439344671016,0,0.3,17.0,com
https://www.coinbasefutures.com,1,42,364.0,15,0,0,3.506890595608519,1,0.5333333333333333,18.0,com
https://storageauctions.com/page/how-it-works,0,10130,10225.0,15,2,0,3.3735572622751846,0,0.2666666666666667,25.0,com
https://www.ticketmaster.co.uk/section/family-attractions,0,10672,10956.0,12,1,0,3.0220552088742,0,0.4166666666666666,53.0,co.uk
https://www.gazetebirlik.com/namaz-vakitleri,0,3572,5478.0,12,1,0,3.2516291673878226,0,0.3333333333333333,28.0,com
http://104.21.40.174,1,0,,13,0,10,2.449311833026446,0,0.0,,unknown
https://mail.grupwadi71j.terbaruxx-xyz.my.id,1,0,,13,1,2,3.180832987205441,0,0.3076923076923077,,my.id
https://everydaycalculation.com/download.php,0,4612,4747.0,19,0,0,3.576617644908665,0,0.2631578947368421,1.0,com
https://istoedinheiro.com.br/edicoes,0,10130,10226.0,13,0,0,3.026986833359288,0,0.3076923076923077,69.0,com.br
https://corporatefinanceinstitute.com/certifications/financial-modeling-valuation-analyst-fmva-program/,0,3677,6209.0,25,5,0,3.433269689515108,0,0.24,22.0,com
https://wetransfer-purchase-order-urr1.4everland.app/Purchase%20order.html,1,0,,9,3,2,2.94770277922009,0,0.2222222222222222,23.0,app
https://www.etimolojiturkce.com/kelime/vodvil,0,4456,6573.0,15,0,0,3.3735572622751846,0,0.2666666666666667,42.0,com
https://zub-b1b2c3d4e5f6789012345678abceevj.github.io/sbxhjr75Af0jg7vppzAm9pftzs05r13ty15h21yv4rdq-25o/,1,4641,5112.0,6,2,18,2.584962500721156,0,0.2857142857142857,42.0,io
https://alibaba-id-aqx.pages.dev,1,0,,5,2,0,2.321928094887362,0,0.3333333333333333,44.0,dev
https://net20.cc/verify,0,51,364.0,5,0,2,2.321928094887362,0,0.4285714285714286,,cc
https://www.elidealgallego.com/area-metropolitana,0,9859,10225.0,14,1,0,2.610577243331642,0,0.2142857142857143,8.0,com
https://mzkaiqa.com/bpi2kFEvbU/,1,207,364.0,7,0,0,2.521640636343318,0,0.2222222222222222,,com
https://www.emerce.nl/channel/marketing,0,10032,,6,0,0,1.7924812503605778,0,0.2857142857142857,34.0,nl
https://eventhubs.com/news/cosplay/,0,6858,6939.0,9,0,0,2.94770277922009,0,0.3333333333333333,323.0,com
https://www.fitnyc.edu/admissions/undergraduate-applicants/apply/application-status.php,0,10757,11372.0,6,2,0,2.584962500721156,0,0.2857142857142857,26.0,edu
https://ksucoiinlogiine.gitbook.io/us,1,4255,6208.0,7,0,0,2.521640636343318,0,0.5,0.0,io
http://www.bizrate.com/automotive/,0,10804,10957.0,7,0,0,2.807354922057604,0,0.4285714285714286,70.0,com
https://ds2232.vercel.app/verset.html,1,0,,6,0,4,2.2516291673878226,0,0.1666666666666666,16.0,app
https://fullporner.com/,0,2091,2190.0,10,0,0,2.9219280948873623,0,0.1999999999999999,56.0,com
https://pub-f836507bda584938a06b68be3549f07b.r2.dev/maximusrose.html,1,0,,2,1,23,1.0,0,0.1428571428571429,7.0,dev
https://www.accio.com/blog/the-ultimate-guide-to-dropshipping-is-it-a-lucrative-business-model,0,10216,10590.0,5,10,0,1.9219280948873625,0,0.375,307.0,com
https://pub-36e7bdd27d314b5594b9068c6bdcf228.r2.dev,1,0,,2,1,21,1.0,0,0.1428571428571429,7.0,dev
https://sensaro.click/lander/gazprom-leadforma-thankspidarasgaz,1,73,364.0,7,2,0,2.5216406363433186,0,0.3333333333333333,,click
https://www.hostpapa.com/es/acerca-de-hostpapa/contacto/,0,7339,7669.0,8,2,0,2.5,0,0.375,23.0,com
https://www.file.com.tr/reyon/5/kisisel-bakim,0,4336,5111.0,4,1,0,2.0,0,0.4,390.0,com.tr
https://did.li/kv6tashlomim,1,0,,3,0,0,0.9182958340544896,0,0.25,277.0,li
https://www.yonkamuzikmarket.com/profil/bayi,0,3994,6574.0,16,0,0,3.452819531114783,0,0.3125,30.0,com
https://wordpress-white-jackal-danmark1sa151008.codeanyapp.com/wp-admin/malade/one.html,1,3428,3651.0,10,4,7,2.9219280948873623,0,0.4,337.0,com
https://noblemobilemtn.weebly.com/,1,7178,7304.0,6,0,0,2.2516291673878226,0,0.5,37.0,com
https://eu.finalfantasyxiv.com/lodestone/special/patchnote_log/,0,9416,9496.0,15,0,0,3.189898095464287,0,0.2666666666666667,238.0,com
https://mail.03servierchaseelisst.duckdns.org/da684b818d45b53a7806b3b2d7830111/email.php?token=2872ca98c3811d5d0fa476fbe58e8fb98610469c43a3d6615eca21320d84bc8d55928aa8ce1ca64309b11cf6985f6e45ad16c3272a8557a8f9ea0391e1d2284a,1,4606,5843.0,7,0,2,2.5216406363433186,0,0.25,,org
https://www.gcu.edu/rmi/apply-now,0,13140,13755.0,3,1,0,1.584962500721156,0,0.25,2.0,edu
http://myaccess-external-portal-apple.com/?request-update=3d,1,0,,30,4,0,3.6314018453921713,1,0.1666666666666666,,com
https://sevtele.com/blog/,0,4750,5112.0,7,0,0,2.1280852788913944,0,0.4285714285714286,12.0,com
https://www.kadriyebasturk.com/collections/essential-mood,0,3392,6208.0,14,1,0,3.3787834934861767,0,0.2857142857142857,34.0,com
https://savevid.net/en/instagram-igtv-downloader,0,554,1094.0,7,2,0,2.5216406363433186,0,0.2857142857142857,45.0,net
https://cdn.trytraffics.com/rdr/YWE9MzkxMzQ2MTc5JnNlaT0xMDU1NDgzMCZ0az1wdFBOQVRsMmpESDF0Y1lRZlk2RCZ0PTUmYz05MGFzODc2ZmQ4OWFzNWZnOGEwOXM=,1,583,729.0,11,0,0,2.9139770731827523,0,0.2727272727272727,,com
https://pub-2bd1ac73bae34c41a271424afba83426.r2.dev/index.html,1,0,,2,1,20,1.0,0,0.1428571428571429,7.0,dev
https://www.ideafit.com/clubs/,0,10665,12051.0,7,0,0,2.5216406363433186,0,0.2857142857142857,58.0,com
https://mke.gov.tr/Hakkimizda/Bilgi-Guvenligi-Politikasi/9,0,3608,3651.0,3,2,0,1.584962500721156,0,0.25,222.0,gov.tr
http://teleigzem.vip,1,0,,9,0,0,2.6416041678685933,0,0.3333333333333333,,vip
https://email.mg-d0.substack.com/c/eJxU0Luu3CAUheGnMd0gLja2C4o0fg1rA9s-TDAgLpnMPH3kpMmpl_Tr07LQ8EzlrY-C-HhhsOlC4rSScEyOoObzJJQSYuEEL_BhPzFigYZuh_bfOk6cfGk3gxJsAX4sdlZskmhnXGHBybiRGSReCyYmNnPFmVwYo5IeYGZpjDnMehjnkD4_0S_Z5GFk1_lwjNZuagP7k9p0EV_323pbdCsdSdBfreU6yB-D2AaxvdDUDBZpxnKgbY-zIEZqoeAgNvydQypYBrGR3M1u03X16Nt7xwgmoPsXzd0Eb6H5FHfv9CSkFHwhRT-x9loSdaX7k3b8BIQwjOy8QX-BtRuXLvBRQ3wClzNp39_tFcsdlUpJta4rI7-0-BMAAP__y6qCpA,1,5687,7304.0,8,10,1,2.75,0,0.25,12.0,com
http://190.115.21.53/secureqa.html?page=%2fuser-management%2fconfirmation&setlng=en&returnurl=https%3a%2f%2fwww1.scotiaonline.scotiabank.com%2fonline%2fauthentication%2fauthentication.bns%3flanguage%3denglish,1,0,,13,1,10,2.5654483718208256,0,0.0,3092.0,unknown
https://dlink.ru/ru/products/1/,0,9612,9863.0,5,0,0,2.321928094887362,0,0.375,41.0,ru
http://www.oiuytrdczmlkion.weebly.com/,1,7178,7304.0,6,0,0,2.2516291673878226,0,0.5,,com
https://resolutionbnational.info,1,0,,19,0,0,3.326360407952694,0,0.2631578947368421,,info
https://www.channelislandhosting.net/local/website-hosting-services/,0,4923,5112.0,20,2,0,3.4219280948873623,0,0.25,15.0,net
https://docs.google.com/presentation/d/e/2PACX-1vR1fivhQ95WG5gkn-W8kSBsPBkj6Nj0RHbkw5AFjzrrjzNvWfez8G6SdgrGIordZSRsSDwMm3YQkujQ/pub?start=false&amp;loop=false&amp;delayms=3000,1,10302,11321.0,6,2,0,1.918295834054489,1,0.0,35.0,com
https://takken-wakasa.org/ca-authentification/espaceclient/credit-agricole/enligne/Ca-enligne/login/9A7886128401298409798768124H7/fr/af363a1f1723459/region.php?lca,1,2796,2921.0,13,4,0,2.7192945256669794,0,0.2307692307692307,540.0,org
https://www.chi.gov.sa/aboutchi/Pages/who-we-are.aspx,0,0,,3,2,0,1.584962500721156,0,0.25,,gov.sa
https://metatechtr.com/collections/uzy-basic-pla,0,2356,5478.0,10,2,0,2.646439344671016,0,0.3,48.0,com
https://hwhwhwhwh.ipq.co/mntbkkk/mtb/detail.html,1,5560,5843.0,3,0,0,1.584962500721156,0,0.1999999999999999,,co
http://bc.metivel.com/Atlantic,1,112,364.0,7,0,0,2.5216406363433186,0,0.2857142857142857,,com
https://www.apha.org/about-apha/donate,0,11025,12052.0,4,1,0,1.5,0,0.4,,org
https://congoley.com/8476f3abipmxcexu_b132,1,0,,8,0,0,2.75,0,0.5,,com
https://www.hurriyet.com.tr/sporarena/fransa-ligue-1/,0,10614,12051.0,8,2,0,2.75,0,0.2222222222222222,70.0,com.tr
https://driveseed.org/check_auth,0,1065,1460.0,9,0,0,2.419381945646371,0,0.2222222222222222,1.0,org
https://www.rouydad24.ir/,0,0,,9,0,2,2.94770277922009,0,0.2222222222222222,57.0,ir
https://bohlepropiedades.com/mzq0wddamke3qtfnmxc=,1,1624,2556.0,16,0,0,3.327819531114783,0,0.25,,com
https://login.trezuriostart.com,1,0,,13,0,0,2.9689185639620974,0,0.3076923076923077,,com
https://dochub.com/site/contracting-entities,0,8755,9130.0,6,1,0,2.584962500721156,0,0.4285714285714286,8.0,com
https://pub-51427f5ffccf45a8a223196f7893c181.r2.dev/IhadadremIgoteverythinkIwantedbutwhenIwakeupIseeuwithmeusaidplscaremecaremehome.html,1,0,,2,1,23,1.0,0,0.1428571428571429,7.0,dev
https://sportsfitbrasil.com.br/regview.fsp/commauthcentre/,1,1613,1825.0,15,0,0,3.189898095464287,0,0.3333333333333333,,com.br
http://kraken-loginui.godaddysites.com/,1,4386,6939.0,12,1,0,3.0220552088742005,0,0.25,81.0,com
https://firstfinb.com,1,0,,9,0,0,2.725480556997868,0,0.3333333333333333,,com
https://l.ead.me/bfJZ38,1,3686,4017.0,3,0,0,1.584962500721156,0,0.5,86.0,me
https://bit.ly/4dgA2Sg,1,6397,8765.0,3,0,0,1.584962500721156,0,0.3333333333333333,49.0,ly
https://sapapreman.com,1,0,,10,0,0,2.646439344671016,0,0.4,,com
https://bi-pay.apkdog.ae/,1,0,,6,1,0,2.584962500721156,0,0.3333333333333333,13.0,ae
https://b3ps1231.bcusuarilive202.repl.co/bancodecr%c3%a9ditobcp.html,1,4578,5843.0,4,0,8,2.0,0,0.4,,co
http://allegro.pl-kategorie812831727412523.icu,1,145,365.0,27,1,15,3.986187965046304,0,0.1111111111111111,,icu
https://tokopedias.top/,1,0,,10,0,0,3.121928094887362,0,0.3,,top
https://crimson-rosabella-80.tiiny.site,1,2040,2190.0,5,2,2,1.9219280948873625,0,0.3333333333333333,308.0,site
https://facts.net/characters/pokemon/,0,10402,11321.0,5,0,0,2.321928094887362,0,0.375,2.0,net
https://www.gemsociety.org/gemology/,0,9895,12782.0,10,0,0,3.121928094887362,0,0.3,24.0,org
https://myoji-yurai.net/familyTree/applicationManage/researchLine.htm,0,5168,5478.0,11,1,0,3.0957952550009344,0,0.2727272727272727,52.0,net
https://www.medfile.pl/e-skierowania,0,0,,7,1,0,2.5216406363433186,0,0.2857142857142857,9.0,pl
https://www.seondfresolver.com/,0,1606,2921.0,14,0,0,3.039148671903071,0,0.2142857142857143,117.0,com
https://www.stratasys.com/it/,0,11825,12416.0,9,0,0,2.197159723424149,0,0.3333333333333333,18.0,com
https://pie.org/privacy,0,8509,8765.0,3,0,0,1.584962500721156,0,0.4,24.0,org
https://www.newstatesman.com/politics/uk-politics,0,9621,9861.0,12,1,0,2.7516291673878226,0,0.3333333333333333,55.0,com
https://jingxinwl.com/,1,473,729.0,9,0,0,2.725480556997868,0,0.3333333333333333,,com
https://qrco.de/bfWqbA,1,0,,4,0,0,2.0,0,0.2857142857142857,86.0,de
http://www.snu.co.ke/red/,1,533,729.0,3,0,0,1.584962500721156,0,0.1999999999999999,,co.ke
https://www.moviesentertainments.com/login,1,177,364.0,20,0,0,3.146439344671016,0,0.25,,com
https://saveclip.app/en/instagram-story-download,0,0,,8,2,0,3.0,0,0.25,46.0,app
https://www.conforama.es/checkout/cart,0,0,,9,0,0,2.725480556997868,0,0.3333333333333333,321.0,es
https://www.ainvest.com/market/,0,3531,4016.0,7,0,0,2.807354922057604,0,0.375,117.0,com
http://coinbase-pro-login25.godaddysites.com,1,4386,6939.0,12,2,2,3.0220552088742005,1,0.25,81.0,com
https://www.imecegazetesi.com/yasam,0,1087,1460.0,13,0,0,2.931208948910323,0,0.2307692307692307,56.0,com
https://www.wpzoom.com/themes/food-blog/,0,6449,6573.0,6,1,0,2.251629167387823,0,0.25,10.0,com
https://www.remzihoca.com/sozluk,0,6421,6573.0,9,0,0,3.169925001442312,0,0.2222222222222222,34.0,com
https://www.which.co.uk/news/home-and-garden,0,10705,10925.0,5,2,0,1.9219280948873625,0,0.25,95.0,co.uk
https://att-10361.weeblysite.com/,1,4721,4747.0,10,1,5,2.846439344671015,0,0.3,39.0,com
https://istanbulalerjimerkezi.com.tr/alerji-nedir-belirtileri-nelerdir/,0,4056,5477.0,21,3,0,3.653756708287001,0,0.2380952380952381,56.0,com.tr
https://bmcellnextsx.com,1,0,,12,0,0,3.084962500721156,0,0.25,,com
https://nurgazshop.com.tr/kamp-urunleri,0,3166,3650.0,10,1,0,3.321928094887362,0,0.3,19.0,com.tr
https://clearnview.com/,0,1341,1460.0,10,0,0,3.121928094887362,0,0.3,168.0,com
https://videoamp.com/whowehelp/agencies/,0,8881,11687.0,8,0,0,3.0,0,0.375,17.0,com
https://www.eenadu.net/breaking-news-list,0,10519,10592.0,6,2,0,2.2516291673878226,0,0.3333333333333333,67.0,net
https://www.ryviu.com/blog/best-color-schemes-for-shopify,0,3242,3286.0,5,4,0,2.321928094887362,0,0.1666666666666666,10.0,com
https://mobilevikings.be/en/business/contact/,0,6199,,13,0,0,3.334679141051595,0,0.2307692307692307,218.0,be
https://docom-slkiiopsh.lbqbyej.cn/authuo/cgiarlonidlogin/,1,237,364.0,7,1,0,2.5216406363433186,0,0.2857142857142857,,cn
http://mail.facebooktgtisp0.indolegion.link/vhsfhqpdhdsih6,1,0,,10,0,1,2.721928094887362,1,0.4,,link
http://195.123.245.190/Finance/mobilesco/antibot.php,1,0,,15,0,12,2.872905595320056,0,0.0,1874.0,unknown
https://sharegate.com/solutions/google-workspace-migration,0,9770,9861.0,9,2,0,2.725480556997868,0,0.3333333333333333,13.0,com
https://www.instructables.com/teachers/,0,7458,7669.0,13,0,0,3.3927474104487847,0,0.3846153846153846,19.0,com
https://proposals-turbo.com,1,166,364.0,15,1,0,3.1898980954642866,0,0.2666666666666667,,com
https://www.vfsglobal.com/en/general/about.html?from_section=0,0,7576,7669.0,9,0,0,2.94770277922009,0,0.2222222222222222,266.0,com
https://www.cuerpomente.com/ecologia/shunmyo-masuno-monje-jardinero-zen-el-espacio-entre-objetos-es-mas-importante-que-objetos-si-mismos-este-vacio-mente-encuentra-oxigeno_17318,0,9762,9861.0,11,20,0,3.027169118440619,0,0.2727272727272727,62.0,com
https://civiclearncenter.com/cdn-cgi/l/email-protection.html#1871767e7761776d6a587f75797174367b7775,0,150,364.0,16,2,0,3.0306390622295662,0,0.3125,26.0,com
https://www.privy.com/bfcm-calendar,0,10166,10225.0,5,1,0,2.321928094887362,0,0.4285714285714286,3.0,com
https://configurpaqes098734.cf,1,0,,19,0,6,4.247927513443583,0,0.2631578947368421,,cf
http://service--ledgerweb-start.webflow.io/,1,4581,5478.0,7,3,0,2.5216406363433186,0,0.4285714285714286,51.0,io
https://ipfs.io/ipfs/bafkreig7kqstwr5i66ph2yfa3xut6fum762eyyvzqsd5w4jncc5jiw5zvy?eta=3mail@a.b.c0,1,4207,4382.0,4,0,0,2.0,0,0.2857142857142857,53.0,io
http://omissive-shift.000webhostapp.com/CenturyFullz/e481f9/en,1,3482,4747.0,13,1,3,3.180832987205441,0,0.3846153846153846,,com
https://flashexpress.co.th/fle/bookingfle/booking,0,0,,12,0,0,3.0220552088742005,0,0.25,,co.th
https://www.videezy.com/contact,0,6359,6573.0,7,0,0,2.521640636343318,0,0.2857142857142857,3.0,com
http://dev-proteccion-msn365.pantheonsite.io/,1,3585,3652.0,12,2,3,3.084962500721156,0,0.25,0.0,io
https://mettl.com/onscreen-digital-evaluation-system/,0,5404,5843.0,5,3,0,1.9219280948873625,0,0.4285714285714286,26.0,com
https://candidhim.github.io/NetFlix,1,4641,5112.0,6,0,0,2.584962500721156,0,0.2857142857142857,42.0,io
https://www.geredemedyatakip.com.tr/guncel/bolu-tso-baskani-alemdar-bolunun-kalkinma-rotasini-anlatti.html,0,6513,6573.0,16,7,0,3.25,0,0.1875,44.0,com.tr
https://www.nintendo.com/es-cl/store/sales-and-deals/,0,11274,11321.0,8,3,0,2.4056390622295662,0,0.375,76.0,com
https://whiterose.ac.uk/who-we-are/partners/,0,10705,,9,2,0,2.94770277922009,0,0.3333333333333333,22.0,ac.uk
https://docs.google.com/drawings/d/1Fni6Ct_cG0dDumTtNnI1Gs5_Kr1WXzcwVgBFWAKzQ20/edit,1,10302,11321.0,6,0,0,1.918295834054489,1,0.0,35.0,com
https://dylnjcdw.icu/,1,356,365.0,8,0,0,2.75,0,0.125,,icu
https://fsvps.gov.ru/otkrytaya-sluzhba/,0,10361,10612.0,3,1,0,1.584962500721156,0,0.3333333333333333,52.0,ru
https://www.tekmetric.com/feature/crm-marketing,0,3932,5113.0,9,1,0,2.725480556997868,0,0.3333333333333333,6.0,com
https://www.fmv.com/index_news.html?from=fmvmypage_header,0,9419,9861.0,3,0,0,1.584962500721156,0,0.1666666666666666,20.0,com
http://myhermesy07.top,1,0,,11,0,2,2.9139770731827523,0,0.2727272727272727,,top
https://www.shsu.edu/offices-departments/index.php,0,12673,12923.0,4,1,0,1.5,0,0.25,271.0,edu
https://l.wl.co/l?u=https://qr-codes.io/p8BGXc,1,5689,7304.0,2,1,0,1.0,0,0.2857142857142857,82.0,co
https://frigghome.gitbook.io/frigghome/,1,4255,6208.0,7,0,0,2.521640636343318,0,0.5,0.0,io
https://mottashedelite.com/new/auth/sf_rand_string_lowercase6/c3nwyw5nbgvyqhr4d2vhbhrobgf3ewvycy5jb20=,1,0,,14,0,0,3.128085278891395,0,0.2142857142857143,,com
https://www.mobiledokan.com/mark/as/all/read/notification/all,0,4658,4747.0,11,0,0,3.2776134368191165,0,0.2727272727272727,104.0,com
https://micheal7900.wixsite.com/my-site,1,4945,5112.0,7,1,4,2.5216406363433186,0,0.2857142857142857,37.0,com
https://www.abs-cbn.com/index.html,0,10901,12925.0,7,1,0,2.5216406363433186,0,0.2857142857142857,18.0,com
https://clients-mail-connexion.com/login.php,1,96,364.0,22,2,0,3.42511855035714,0,0.2727272727272727,68.0,com
http://0efbd9f.wcomhost.com/de/banking-postbank/login/privatkunden/de/7c9a09caa296ff4d558d/clients/pass.php,1,5049,7670.0,8,1,2,2.75,0,0.375,,com
https://transsacionesbancol.com/pago/nequi/,1,352,364.0,19,0,0,3.2866294867861945,0,0.2631578947368421,,com
https://profholod.ru/catalog/fireproof_doors/,0,7025,7304.0,9,0,0,2.6416041678685933,0,0.3333333333333333,308.0,ru
http://medical-equipments.vercel.app/,1,0,,6,1,0,2.2516291673878226,0,0.1666666666666666,16.0,app
http://meta-support-logvault.pages.dev/,1,0,,5,2,0,2.321928094887362,0,0.3333333333333333,1.0,dev
https://nationalemiratepurchase1.ukit.me/,1,3267,3651.0,4,0,1,2.0,0,0.2857142857142857,187.0,me
https://clouds-scene-ed7a.emiliafalk.workers.dev/156c189a-2b2a-4635-9b59-d1c53e798f03,1,0,,7,6,1,2.5216406363433186,0,0.2857142857142857,25.0,dev
https://meta-support-crest.pages.dev,1,0,,5,2,0,2.321928094887362,0,0.3333333333333333,6.0,dev
https://sspl.com.aucom.ausspl.com.aumail7.sspl.com.aumail7.sspl.com.au/mobile/login/,1,0,,4,0,2,1.5,0,0.4,34.0,com.au
https://www.anonymised.io:443/products/audiencelift,0,1241,1460.0,10,0,0,3.121928094887362,0,0.3,12.0,io
https://www.karkkainen.com/verkkokauppa/kampanjatuotteet,0,9935,10225.0,10,0,0,2.4464393446710155,0,0.3,127.0,com
https://www.bousai.go.jp/taisaku/index.html,0,8996,,6,0,0,2.584962500721156,0,0.375,229.0,go.jp
http://www.asianclub37.duckdns.org,1,4606,5843.0,7,0,2,2.5216406363433186,0,0.25,,org
https://sbisec-co.zhuzizy.com/ETGate/,1,0,,7,1,0,2.1280852788913944,0,0.2857142857142857,,com
https://post-a217a6.ingress-comporellon.ewp.live/israel/index/index.html,1,0,,3,2,4,1.584962500721156,0,0.25,114.0,live
https://cklime.com,1,0,,6,0,0,2.584962500721156,0,0.25,,com
https://yaledailynews.com/blog/category/sports/,0,10084,10590.0,13,0,0,3.0850551027564768,0,0.2307692307692307,57.0,com
https://amt-games.com/privacy/,0,5219,5478.0,9,1,0,2.725480556997868,0,0.3333333333333333,46.0,com
https://maxforceracing.com/formula-1/brazilian-grand-prix/,0,3223,3286.0,14,3,0,3.378783493486176,0,0.2142857142857143,46.0,com
https://www.cureus.com/articles,0,8072,8765.0,6,0,0,2.2516291673878226,0,0.25,58.0,com
http://www.yc7k-casefb674767.vercel.app/,1,0,,6,1,7,2.2516291673878226,0,0.1666666666666666,,app
https://docs.google.com/presentation/d/e/2PACX-1vSznzPtWjyVLVpHGDnYh00TQZz46XQXtlS-1MhIxq3V9vpn5-xChHU3_JqJ14KcoeKXIdhSjLUGP5TD/pub?start=false&amp;loop=false&amp;delayms=3000,1,10302,11321.0,6,3,0,1.918295834054489,1,0.0,35.0,com
https://www.canalturf.com/courses_quinte.php,0,9150,10956.0,9,0,0,2.94770277922009,0,0.3333333333333333,361.0,com
https://tracker-maps.info/h4k/,1,0,,12,1,0,3.2516291673878226,0,0.25,,info
http://usps.com-trackhtw.top/us,1,0,,12,1,0,3.2516291673878226,0,0.25,,top
http://walletintegratefix.pages.dev,1,0,,5,0,0,2.321928094887362,0,0.3333333333333333,,dev
https://www.joueclub.fr/contenu/nos-univers/peluche.html,0,10298,10604.0,8,1,0,2.75,0,0.375,44.0,fr
https://www.htb.co.jp/lineup/,0,11037,,3,0,0,1.584962500721156,0,0.2857142857142857,248.0,co.jp
https://www.ringcentral.com/ie/en/?bmid=RCUS_INTDOMAINS,0,9696,9861.0,11,0,0,3.0957952550009344,0,0.3636363636363636,241.0,com
https://voiceforyou.sellfy.store/,1,3019,3652.0,6,0,0,2.2516291673878226,0,0.4285714285714286,77.0,store
http://sp652098.sitebeat.crazydomains.com,1,8747,11322.0,12,0,6,3.418295834054489,0,0.3333333333333333,145.0,com
https://www.sasg.de/startseite/leistungen/,0,0,,4,0,0,1.5,0,0.25,28.0,de
https://www.brivo.com/fr/login/,0,9331,10226.0,5,0,0,2.321928094887362,0,0.2857142857142857,2.0,com
https://ubiquitous-malasada-6cb7ff.netlify.app/order/,1,0,,7,2,2,2.807354922057604,0,0.5714285714285714,210.0,app
https://www.zagg.com/mophie,0,7910,8399.0,4,0,0,1.5,0,0.2222222222222222,18.0,com
https://qrco.de/bfMGwz,1,0,,4,0,0,2.0,0,0.2857142857142857,86.0,de
https://www.meross.com/en-gc/support,0,3265,3651.0,6,1,0,2.2516291673878226,0,0.4444444444444444,57.0,com
https://jestrada89.wixsite.com/checkrs,1,4945,5112.0,7,0,2,2.5216406363433186,0,0.2857142857142857,37.0,com
https://www.chipotle.com/ingredients,0,10462,10592.0,8,0,0,3.0,0,0.375,14.0,com
https://www2.purpleair.com/pages/trusting-purpleair-sensor-evaluations,0,3707,5478.0,9,3,1,2.725480556997868,0,0.3333333333333333,46.0,com
https://www.accentuate.io/blogs/wiki,0,3327,3651.0,10,0,0,2.5219280948873624,0,0.4,38.0,io
https://www.marca.com/combates-ufc/2025/11/16/islam-makhachev-corona-doble-campeon-ufc-mensaje-topuria-aburrido.html,0,10482,10562.0,5,9,0,1.9219280948873625,0,0.3333333333333333,172.0,com
https://www.eticicibebe.com/hamilelik/,0,6211,6573.0,11,0,0,2.231270254607576,0,0.2727272727272727,29.0,com
https://qrco.de/bfK6KY,1,0,,4,0,0,2.0,0,0.2857142857142857,86.0,de
https://www.hunkemoller.de/black-friday,0,0,,11,1,0,3.095795255000934,0,0.2727272727272727,346.0,de
https://mietmaskchrom-extension.webflow.io/,1,4581,5478.0,7,1,0,2.5216406363433186,0,0.4285714285714286,51.0,io
https://docs.google.com/presentation/d/e/2PACX-1vQ-QsqtyN-HCljEP6wz3bziiXXnfHPOeB454wMctT3WxYAXcbTGCwW1on-daJa95hUn3C0tpybs2RlN/pub?start=false&loop=false&delayms=1000&slide=id.p%3E,1,10302,11321.0,6,4,0,1.918295834054489,1,0.0,35.0,com
https://tv9telugu.com/sports/cricket-news/ipl-2026-auction-to-be-held-on-december-16-in-abu-dhabi-1677444.html,0,6800,8035.0,9,13,1,2.725480556997868,0,0.2222222222222222,326.0,com
https://waymo.com/safety/impact/,0,9358,9495.0,5,0,0,2.321928094887362,0,0.4285714285714286,35.0,com
https://xotiny.com/theme-support,0,1127,3652.0,6,1,0,2.584962500721156,0,0.5714285714285714,6.0,com
https://www.albinoblacksheep.com/audio/conepony,0,9031,9861.0,16,0,0,3.5,0,0.375,11.0,com
https://miseenjourdigitalisation2023.web.app/,1,0,,3,0,4,1.584962500721156,0,0.2857142857142857,56.0,app
https://sledcom.ru/news,0,6333,6573.0,7,0,0,2.807354922057604,0,0.4285714285714286,196.0,ru
https://www.kenyans.co.ke/news/118021-peter-kaluma-wins-ksh-11m-defamation-lawsuit-against-nairobian,0,4089,5478.0,7,9,0,2.5216406363433186,0,0.2857142857142857,2.0,co.ke
https://www.flashscore.info/badminton/,0,0,,10,0,0,3.121928094887362,0,0.3,2.0,info
https://chuyenphat.nascoexpress.com,1,4441,4747.0,12,0,0,3.0220552088742005,0,0.25,,com
https://www.startpagina.nl/tv,0,9930,,11,0,0,2.845350936622437,0,0.2727272727272727,227.0,nl
https://www.dt.no/bolig/,0,9153,,2,0,0,1.0,0,0.1999999999999999,45.0,no
https://prokazan.ru/user/login,0,6077,6208.0,8,0,0,2.75,0,0.375,50.0,ru
https://bafkreif4u55nbrkajhqz3cv4q5u6pezfowyspostpnm2632oh7tt5m74wa.ipfs.dweb.link/,1,3193,3286.0,4,0,15,2.0,0,0.2857142857142857,55.0,link
https://es74atibl9waffn7x6fvn.qwo231sdx.club/index/usps/index.html,1,251,364.0,9,0,8,3.169925001442312,0,0.2222222222222222,7.0,club
https://www.haberankara.com/is-dunyasi/6-ay-ertelemeli-nefes-kredisi-icin-yeni-basvuru-tarihi-duyuruldu-305376,0,7992,8400.0,11,11,0,2.5503407095463886,0,0.2727272727272727,10.0,com
https://oastify.com/,0,1369,1460.0,7,0,0,2.807354922057604,0,0.5714285714285714,241.0,com
https://pg12.ru/specials/101219,0,5848,6208.0,4,0,2,2.0,0,0.1999999999999999,11.0,ru
https://blog.janitorai.com/posts/11,0,906,2556.0,9,0,0,2.725480556997868,0,0.3333333333333333,50.0,com
"https://www.dobreprogramy.pl/awaria-pko-bp-nie-dziala-logowanie,7223497686170144a",0,0,,13,5,0,3.180832987205441,0,0.3076923076923077,0.0,pl
https://bstvags.qwo231sdx.club,1,251,364.0,9,0,3,3.169925001442312,0,0.2222222222222222,7.0,club
https://bit.ly/3A2LpOY,1,6397,8765.0,3,0,0,1.584962500721156,0,0.3333333333333333,49.0,ly
https://codesandbox.io/new?utm_source=landingpage,0,3285,4747.0,11,0,0,3.0957952550009344,0,0.3636363636363636,3.0,io
https://www.yamaha.com/ja/vision/,0,11344,11632.0,6,0,0,1.7924812503605778,0,0.4285714285714286,52.0,com
https://www.biletimgo.com/sehir-etkinlikleri/adana,0,2731,2921.0,9,1,0,2.94770277922009,0,0.2222222222222222,44.0,com
https://social-kemco-d07c.geahgmimbmru.workers.dev/94a91d4a-e61b-4692-9927-d9bc585d21d7,1,0,,7,6,2,2.5216406363433186,0,0.2857142857142857,56.0,dev
https://stripo.email/gmail-promo/,0,0,,6,1,0,2.584962500721156,0,0.3333333333333333,54.0,email
https://www.americantowns.com/register,0,9459,10226.0,13,0,0,3.3927474104487847,0,0.3846153846153846,2.0,com
https://atw.hu/atwiki/tema/webtarhely,0,8220,,3,0,0,1.584962500721156,0,0.25,45.0,hu
https://odhuufcm0.duckdns.org,1,4606,5843.0,7,0,1,2.5216406363433186,0,0.25,,org
http://coinbase.mego.tickets/,1,980,1095.0,4,0,0,2.0,1,0.3333333333333333,51.0,tickets
https://blog.mundo-r.com/o-esim-xa-esta-en-r-adeus-ao-sim-fisico/,0,9724,9861.0,7,10,0,2.807354922057604,0,0.2857142857142857,15.0,com
https://elin.hu/domain-szolgaltatasok/nevszerver-biztositas,0,6368,,4,2,0,2.0,0,0.4285714285714286,335.0,hu
https://usps.com-trackea.win/,1,0,,11,1,0,3.0957952550009344,0,0.3636363636363636,,win
https://www.aelf.org/2025-11-01/romain/messe,0,9090,9130.0,4,2,0,2.0,0,0.4,44.0,org
https://dweb.link/ipfs/bafybeib7jlno5fzb4pahur7qloay2ivw2it64wctlpircwy6vjdob4rs5y/06461746120796F7589.htm,1,3193,3286.0,4,0,0,2.0,0,0.2857142857142857,55.0,link
https://qmkadawaty0mda.webflow.io/,1,4581,5478.0,7,0,1,2.5216406363433186,0,0.4285714285714286,51.0,io
https://www.dropbox.com/scl/fi/rmngh9ire4d7fl2d4tqs9/VIEW-YOUR-BILL-BELOW.paper?rlkey=qewutdlldtm2176fs8winemhd&st=8266dwtn&dl=0,1,11105,11686.0,7,3,0,2.5216406363433186,1,0.0,26.0,com
https://www.ludoteka.com/games/chinchon/chinchon-48-cards,0,9168,10591.0,8,2,0,3.0,0,0.375,126.0,com
http://www.milanopizzeria.net/cx1/cgn-in/login.php?l=_JeHFUq_VJOXK0QWHtoGYDw_Product-UserID&userid=,1,2412,2556.0,14,2,0,3.182005814760214,0,0.2857142857142857,15.0,net
https://www.dietdoctor.com/low-carb/diet-meal-plan,0,10014,11321.0,10,3,0,2.721928094887362,0,0.3,280.0,com
https://secure-directory.net-link-secure.com/landingPage/2/bbd4ca3aa2b211f0b6560242ac19000a,1,960,1460.0,15,3,0,3.32323142879762,0,0.3333333333333333,249.0,com
https://meridiano.net/beisbol/lvbp/resultados-y-calendario/{{ayer}},0,2491,2556.0,9,2,0,2.94770277922009,0,0.2222222222222222,2.0,net
http://reversarcompra.com-cq.repl.co,1,4578,5843.0,4,1,0,2.0,0,0.4,,co
http://usoa.jwbgcd.top/,1,0,,6,0,0,2.584962500721156,0,0.1666666666666666,,top
https://cvb.maseczka.top,1,0,,8,0,0,2.75,0,0.25,,top
https://blinq.me/xIiNJhR3641I?bs=db,1,2400,3287.0,5,0,0,2.321928094887362,0,0.2857142857142857,1.0,me
https://sienge.com.br/demonstracao-construpoint,0,9416,12418.0,6,1,0,2.2516291673878226,0,0.4285714285714286,76.0,com.br
https://redgol.cl/agenda,0,6363,8059.0,6,0,0,2.584962500721156,0,0.2857142857142857,57.0,cl
https://gvtrir.weebly.com/,1,7178,7304.0,6,0,0,2.2516291673878226,0,0.5,37.0,com
https://alexandraverney.co.uk/view/inc/office.php,1,4475,4747.0,15,0,0,3.006238928653389,0,0.1999999999999999,46.0,co.uk
https://nexo.abc.br/,1,451,729.0,4,0,0,2.0,0,0.2857142857142857,,abc.br
https://cancelunauthorised.com,1,0,,18,0,0,3.614369445886757,0,0.2222222222222222,,com
https://suport-page-help.com/abc,1,383,729.0,16,2,0,3.452819531114783,0,0.25,,com
https://auto.biowoukio.live/YVC83c5@RooG/$3mail@a.b.c0,1,0,,9,0,0,2.419381945646371,0,0.3333333333333333,34.0,live
https://revizto.com/en/solutions/bim-for-engineers/,0,4916,5112.0,7,2,0,2.807354922057604,0,0.2857142857142857,245.0,com
https://yurtlarburada.com/yurtlara-ozel-ilanlar,0,6989,9496.0,13,2,0,2.815072410115944,0,0.3076923076923077,11.0,com
https://zerony.sbs/shopee/1/index.html,1,65,364.0,6,0,0,2.584962500721156,0,0.3333333333333333,,sbs
https://www.uk2.net/email-hosting/,0,9727,9861.0,3,1,1,1.584962500721156,0,0.1666666666666666,1.0,net
https://www.revolutionehr.com:443/products/revaspire,0,6686,7304.0,13,0,0,3.238901256602631,0,0.3076923076923077,1.0,com
https://2-be.ch,1,0,,4,1,1,2.0,0,0.4,,ch
https://www.zeit.de/wochenende/index,0,0,,4,0,0,2.0,0,0.2857142857142857,232.0,de
https://storage.cloud.google.com/pu00/web.html#a@b.com,1,10302,11321.0,6,0,0,1.918295834054489,1,0.0,35.0,com
https://mdndbdbdbd.weebly.com/,1,7178,7304.0,6,0,0,2.2516291673878226,0,0.5,37.0,com
https://742451.icu,1,0,,6,0,6,2.2516291673878226,0,0.0,,icu
https://www.ifbappliances.com/products/laundry/washing-machine/washer-dryer-refresher,0,9181,11321.0,13,3,0,3.238901256602631,0,0.3846153846153846,35.0,com
https://www.malabargoldanddiamonds.com/brand/precia.html,0,5054,6209.0,22,0,0,3.204447960708351,0,0.1818181818181817,325.0,com
https://makroagencia.com,1,268,364.0,12,0,0,3.188721875540867,0,0.25,,com
https://b2b.dom.ru/shop/product-lines/wi-fi-dlya-gostevoy-zony,0,10625,10968.0,3,5,1,1.584962500721156,0,0.4,69.0,ru
https://neko.flap.com.mx/invoices/fVAdIsK3MnfGfEAIjYG327J6.html,1,3866,4017.0,4,0,0,2.0,0,0.2857142857142857,278.0,com.mx
https://q-r.to/bfJMAe,1,5043,7304.0,3,1,0,1.584962500721156,0,0.1428571428571429,86.0,to
https://usps-xczxfg.click/us/,1,332,364.0,11,1,0,3.0957952550009344,0,0.2727272727272727,,click
https://97582940-4ufn732hgn3k0.pages.dev/robots.txt,1,0,,5,1,14,2.321928094887362,0,0.3333333333333333,19.0,dev
https://app.jotform.com/251743196317561,1,7317,10591.0,7,0,0,2.5216406363433186,0,0.3333333333333333,39.0,com
https://www.crowdsupply.com/fpga-boards,0,6655,6939.0,11,1,0,3.277613436819116,0,0.2727272727272727,6.0,com
https://www.ewn.co.za/podcasts,0,6592,6939.0,3,0,0,1.584962500721156,0,0.25,38.0,co.za
https://altinbas.edu.tr/en/student/academic-calendar.web,0,3061,3285.0,8,1,0,2.75,0,0.5,19.0,edu.tr
https://www.chileatiende.gob.cl/ayuda/sucursalvirtual,0,0,,12,0,0,3.0220552088742,0,0.3333333333333333,88.0,gob.cl
https://myjunoemail.weebly.com/,1,7178,7304.0,6,0,0,2.2516291673878226,0,0.5,37.0,com
https://bmxmuseum.com/bikes/*/,0,9739,9861.0,9,0,0,2.419381945646371,0,0.2222222222222222,14.0,com
https://bangladeshnews24.org,1,0,,16,0,2,3.5,0,0.25,,org
https://zhibo8.com/nba/2025/1118-a12baaa-svideo.htm,0,6762,7674.0,6,2,1,2.584962500721156,0,0.2857142857142857,387.0,com
https://www.cheapflights.com/privacy,0,10315,11321.0,12,0,0,3.418295834054489,0,0.3333333333333333,16.0,com
http://serviceportalsupport.com/help/forms/745846425,1,0,,20,0,0,3.446439344671015,0,0.3,,com
https://taiga.io/code-of-conduct/,0,4370,4747.0,5,2,0,1.9219280948873625,0,0.3333333333333333,206.0,io
https://robotyedek.com/Hesabim.aspx#/DestekTaleplerim,0,1643,1825.0,10,0,0,2.9219280948873623,0,0.3,28.0,com
https://www.servereye.de/automation-planner/,0,0,,9,1,0,2.058813890331201,0,0.2222222222222222,13.0,de
https://www.byteplus.com/en/customer-success,0,8476,8765.0,8,1,0,3.0,0,0.25,19.0,com
https://mitamxk-longn-us.godaddysites.com/,1,4386,6939.0,12,2,0,3.0220552088742005,0,0.25,81.0,com
https://share.hsforms.com/18KMETajWRJ2tyU6qiLfBzQsofyj,1,4448,4747.0,7,0,0,2.5216406363433186,0,0.2857142857142857,22.0,com
https://tustreams.com/javascript,0,2464,2556.0,9,0,0,2.725480556997868,0,0.5555555555555556,45.0,com
https://www.neozone.org/abonnement-a-la-newsletter/,0,8067,10592.0,7,3,0,1.950212064914747,0,0.4285714285714286,0.0,org
https://fnitmwallot.webflow.io,1,4581,5478.0,7,0,0,2.5216406363433186,0,0.4285714285714286,51.0,io
https://www.whats-zrw.vip/,1,0,,9,1,0,2.94770277922009,0,0.5555555555555556,,vip
https://explosm.net/contact,0,7652,8399.0,7,0,0,2.807354922057604,0,0.2857142857142857,28.0,net
https://dmarge.com/cars,0,6917,9496.0,6,0,0,2.584962500721156,0,0.3333333333333333,29.0,com
https://www.corriere.it/abbonamenti/,0,10890,11145.0,8,0,0,2.1556390622295662,0,0.375,251.0,it
https://cmnd.io/accounts/signup/,0,3530,3651.0,4,0,0,2.0,0,0.25,,io
https://vfyfnbbuxton.weebly.com/,1,7178,7304.0,6,0,0,2.2516291673878226,0,0.5,37.0,com
https://314854910493927572.weebly.com/,1,7178,7304.0,6,0,18,2.2516291673878226,0,0.5,37.0,com
https://wolt.com/en/aut/help,0,7293,7669.0,4,0,0,2.0,0,0.4285714285714286,152.0,com
http://www.novonaver.weebly.com/,1,7178,7304.0,6,0,0,2.2516291673878226,0,0.5,,com
https://trizorianwalliet.gitbook.io/us,1,4255,6208.0,7,0,0,2.521640636343318,0,0.5,0.0,io
https://www.kgw.com/news,0,11077,11321.0,3,0,0,1.584962500721156,0,0.1666666666666666,27.0,com
https://sso--i-trustcapital----com-help.webflow.io/,1,4581,5478.0,7,8,0,2.5216406363433186,0,0.4285714285714286,51.0,io
https://userstyles.org/styles/browse/google,0,7227,7304.0,10,0,0,2.646439344671016,0,0.3,220.0,org
https://www.apkmirror.com/apkmirror-com-privacy-policy/,0,4151,4382.0,9,3,0,2.6416041678685933,0,0.3333333333333333,7.0,com
http://1632086777196.pagedemo.co,1,3570,4016.0,8,0,13,2.75,0,0.25,20.0,co
https://www.cheapflights.co.uk/flights/UK-Area/,0,10705,11443.0,12,1,0,3.418295834054489,0,0.3333333333333333,16.0,co.uk
http://secure-a.github.io/instagram,1,4641,5112.0,6,1,0,2.584962500721156,0,0.2857142857142857,42.0,io
https://www.moonpay.com/swap/btc,0,5745,5843.0,7,0,0,2.5216406363433186,0,0.375,8.0,com
https://www.odido.nl/shop/alle-smartwatches,0,2079,,5,1,0,1.521928094887362,0,0.2857142857142857,54.0,nl
http://mail.webaccess-alerts.net/u/amo3z6ccodm9/login.srf/ca03f6/b8b55a06-5e9b-4a3f-a9dd-112adc2be73a,1,5218,5478.0,16,5,0,3.1556390622295662,0,0.3125,48.0,net
https://clickchain.ir/wp-include/new/css/b42edq/YXRsYXMtc2lsdmVyQGF0bGFzaG90ZWxzLmNvLmls,1,0,,10,1,0,2.646439344671016,0,0.5,,ir
https://activityissue-sa-information.firebaseapp.com/,1,4785,5112.0,11,2,0,2.913977073182752,0,0.3636363636363636,56.0,com
https://alyssaoneill.com/,0,4091,4382.0,12,0,0,2.8553885422075336,0,0.25,,com
https://allegro.pl-oferta8467864792.shop,1,79,365.0,19,1,10,3.826874881864638,0,0.1052631578947368,2.0,shop
https://www.carbonads.net/case-files/hellosign,0,5755,5843.0,9,1,0,2.94770277922009,0,0.2222222222222222,49.0,net
https://www.eventbrite.fr/help/fr/,0,5796,5886.0,10,0,0,2.646439344671016,0,0.3,93.0,fr
https://papermc.io/contribute,0,2634,2921.0,7,0,0,2.5216406363433186,0,0.2857142857142857,13.0,io
https://regionsecure.net,1,0,,12,0,0,3.0220552088742,0,0.3333333333333333,,net
https://sovos.com/cl/,0,6425,6573.0,5,0,0,1.521928094887362,0,0.2857142857142857,41.0,com
https://www.egypttoday.com/Article/1/143553/El-Sisi-Putin-to-join-virtual-ceremony-marking-milestone-at,0,10692,10955.0,10,9,0,2.9219280948873623,0,0.3,37.0,com
https://vendetec.net/aa/a/,1,2439,2556.0,8,0,0,2.4056390622295662,0,0.25,,net
https://1c-report.ru/news/law/,0,4984,5112.0,9,1,1,2.94770277922009,0,0.3333333333333333,3.0,ru
http://refud-checks.7dxhvcd3.com/jp,1,0,,8,1,2,2.75,0,0.125,,com
http://bkpgrubsange.ddns.net,1,8913,9495.0,4,0,0,1.5,0,0.25,,net
https://www.centrum24.pl/centrum24-web/cookie-policy,0,9180,9494.0,9,2,2,3.169925001442312,0,0.2222222222222222,95.0,pl
https://senddens.info/pages/index.php,1,0,,8,0,0,2.0,0,0.25,,info
http://meb.teruinpro.com,1,366,729.0,9,0,0,2.94770277922009,0,0.2222222222222222,,com
https://witty-charts-019112.framer.app,1,0,,6,2,6,2.2516291673878226,0,0.2857142857142857,41.0,app
https://mxporn.net/actor/soma-majhi/,0,738,1095.0,6,1,0,2.584962500721156,0,0.3333333333333333,20.0,net
https://www.oberlin.edu/carbon-neutral-2025,0,14226,14841.0,7,2,0,2.807354922057604,0,0.2857142857142857,28.0,edu
https://amanzon.co.ip.tiegua.com.cn,1,1190,1460.0,6,0,0,2.584962500721156,0,0.3333333333333333,,com.cn
https://business-for-groxenra.pages.dev/,1,0,,5,2,0,2.321928094887362,0,0.3333333333333333,40.0,dev
http://uchp.pk/ji/ai.htm,1,198,729.0,4,0,0,2.0,0,0.1666666666666666,8.0,pk
https://www.gitkraken.com/browser-extension#track-prs,0,4116,6574.0,9,2,0,2.94770277922009,0,0.3333333333333333,27.0,com
https://allegrolokalnie.pl-kategorie85612363.icu,1,183,365.0,20,1,8,4.021928094887362,0,0.15,,icu
https://www.wcupa.edu/visitors/requestInformation.aspx,0,12850,13831.0,5,0,0,2.321928094887362,0,0.3333333333333333,70.0,edu
https://skedanbk.com,1,383,729.0,8,0,0,2.75,0,0.375,,com
https://www.smartfit.com.br/news/fitness/beneficios-do-agachamento/,0,6470,6938.0,8,2,0,2.75,0,0.25,4.0,com.br
https://diziwatch.tv/dizi/the-fragrant-flower-blooms-with-dignity/sezon-1/bolum-12,0,304,364.0,9,7,0,2.94770277922009,0,0.3333333333333333,9.0,tv
https://www.24sports.com.cy/gr/βαθμολογία/wnp-510/,0,0,,8,1,2,2.75,0,0.25,335.0,com.cy
http://safeincgroup.com/ca/c378e56b18269d9/region.php?particulier=,1,0,,12,0,0,3.584962500721156,0,0.25,,com
https://www.developpez.com/webinaires/inscription/id/7,0,9459,9496.0,10,0,0,2.646439344671016,0,0.3,84.0,com
http://startedetrweb.webflow.io,1,4581,5478.0,7,0,0,2.5216406363433186,0,0.4285714285714286,51.0,io
https://03online.com/login,0,5414,5843.0,8,0,2,2.75,0,0.375,3.0,com
https://22843-5114.s1.webspace.re/,1,0,,8,1,10,2.75,0,0.375,,re
https://gtuz.fund-flow.falabandana.com/,1,4208,4382.0,11,1,0,2.2221915755066783,0,0.2727272727272727,,com
http://appiah88.blogspot.com.cy/,1,0,,8,0,2,2.75,0,0.25,35.0,com.cy
https://qrco.de/bfKMhA,1,0,,4,0,0,2.0,0,0.2857142857142857,86.0,de
https://www.jibrain.com.todeschinialdeota.com.br/,1,0,,17,0,0,3.381580488309164,0,0.2941176470588235,60.0,com.br
https://ftyfetefefytedfd37uij.weebly.com/,1,7178,7304.0,6,0,2,2.2516291673878226,0,0.5,37.0,com
https://windowsreport.com/category/software/,0,7100,7669.0,13,0,0,3.238901256602631,0,0.3846153846153846,46.0,com
https://mycssaccos.jdevcloud.com/mycss/css/mycss,1,3932,4382.0,9,0,0,2.94770277922009,0,0.2222222222222222,,com
https://www.flipbuilder.com/flip-pdf/,0,5702,6208.0,11,1,0,3.0957952550009344,0,0.2727272727272727,51.0,com
https://www.nationwidechildrens.org/impact-quality,0,7206,7304.0,19,1,0,3.5368867237421666,0,0.2631578947368421,316.0,org
https://qrvoicemessage.firebaseapp.com,1,4785,5112.0,11,0,0,2.913977073182752,0,0.3636363636363636,56.0,com
https://31gamestudio.com/tiktok.html,0,2066,2190.0,12,0,2,3.584962500721156,0,0.25,329.0,com
https://halalbooking.com/en-us/hb-loyalty-club,0,6425,6573.0,12,3,0,3.084962500721156,0,0.4166666666666666,342.0,com
https://a-global.ru/cases/reputacionnoe-soprovozhdenie-mezhdunarodnoy-nauchnoy-konferencii-dlya-vysokotehnologichnoy,0,1023,1095.0,8,7,0,2.5,0,0.375,7.0,ru
https://bestwaytocabo.com,1,0,,13,0,0,3.085055102756477,0,0.3076923076923077,,com
https://www.hdfilmizle.life/tur/aile-1/,0,0,,10,1,0,2.921928094887362,0,0.1999999999999999,27.0,life
https://web.gestiondocumental.gob.ec/migracion-documental/,0,5621,6574.0,17,1,0,3.616874605956223,0,0.2352941176470588,140.0,gob.ec
https://www.change.org/p/mattia-ahmet-in-katilleri-en-üst-sınırdan-ceza-alsın-ahmetminguzziemsalolsun/feed,0,11266,12419.0,6,9,0,2.584962500721156,0,0.4285714285714286,4.0,org
